Workbook

Sheet Sheet1
A1: case_id | B1: qc_status | C1: qc_reason | D1: meal_date | E1: meal_datetime | F1: venous_glu | G1: G0 | H1: G15 | I1: G30 | J1: G45 | K1: G60 | L1: G75 | M1: G90 | N1: G105 | O1: G120 | P1: G135 | Q1: G150 | R1: G165 | S1: G180 | T1: G_peak | U1: T_baseline2peak_min | V1: S_baseline_peak | W1: S_peak_end | X1: AUC_0_180 | Y1: pAUC | Z1: nAUC | AA1: iAUC | AB1: CGM1_time | AC1: CGM1_value | AD1: CGM2_time | AE1: CGM2_value | AF1: CGM3_time | AG1: CGM3_value | AH1: CGM4_time | AI1: CGM4_value | AJ1: CGM5_time | AK1: CGM5_value | AL1: CGM6_time | AM1: CGM6_value | AN1: CGM7_time | AO1: CGM7_value | AP1: CGM8_time | AQ1: CGM8_value | AR1: CGM9_time | AS1: CGM9_value | AT1: CGM10_time | AU1: CGM10_value | AV1: CGM11_time | AW1: CGM11_value | AX1: CGM12_time | AY1: CGM12_value | AZ1: CGM13_time | BA1: CGM13_value | BB1: CGM14_time | BC1: CGM14_value | BD1: CGM15_time | BE1: CGM15_value | BF1: CGM16_time | BG1: CGM16_value | BH1: CGM17_time | BI1: CGM17_value | BJ1: CGM18_time | BK1: CGM18_value | BL1: CGM19_time | BM1: CGM19_value | BN1: CGM20_time | BO1: CGM20_value | BP1: CGM21_time | BQ1: CGM21_value | BR1: CGM22_time | BS1: CGM22_value | BT1: CGM23_time | BU1: CGM23_value | BW1: 1 | BX1: 2 | BY1: 3 | BZ1: 4 | CA1: 5 | CB1: 6 | CC1: 7 | CD1: 8 | CE1: 9 | CF1: 10 | CG1: 11 | CH1: 12 | CI1: 13 | CJ1: 14 | CK1: 15 | CL1: 16 | CM1: 17 | CN1: 18 | CO1: 19 | CP1: 20 | CQ1: 21 | CR1: 22 | CS1: 23
A2: 129449 | B2: 正常 | D2: 45355 | E2: 45355.292 | F2: 7.99 | G2: 5.5 | H2: 5.74 | I2: 5.7 | J2: 5.7 | K2: 5.7 | L2: 5.76 | M2: 6.1 | N2: 6.66 | O2: 7.08 | P2: 7.32 | Q2: 7.64 | R2: 7.86 | S2: 7.9 | T2: 7.9 | U2: 171 | V2: 0.014035088 | W2: 0 | X2: 1169.4 | Y2: 0 | Z2: 1169.4 | AA2: -1169.4 | AB2: 45355.275 | AC2: 5.4 | AD2: 45355.285 | AE2: 5.6 | AF2: 45355.296 | AG2: 5.8 | AH2: 45355.306 | AI2: 5.7 | AJ2: 45355.317 | AK2: 5.7 | AL2: 45355.327 | AM2: 5.7 | AN2: 45355.338 | AO2: 5.7 | AP2: 45355.348 | AQ2: 5.8 | AR2: 45355.358 | AS2: 6.3 | AT2: 45355.369 | AU2: 6.9 | AV2: 45355.379 | AW2: 7.2 | AX2: 45355.39 | AY2: 7.4 | AZ2: 45355.4 | BA2: 7.8 | BB2: 45355.41 | BC2: 7.9 | BD2: 45355.421 | BE2: 7.6 | BF2: 45355.431 | BG2: 7.4 | BH2: 45355.442 | BI2: 7.3 | BJ2: 45355.452 | BK2: 7.5 | BL2: 45355.463 | BM2: 7.4 | BN2: 45355.473 | BO2: 7 | BP2: 45355.483 | BQ2: 6.4 | BR2: 45355.494 | BS2: 6.2 | BT2: 45355.504 | BU2: 6.1 | BW2: {=INDEX($AC2:$BU2, 2*(COLUMN(BV2)-COLUMN($BV2))+1)} -> 5.4 | BX2: {=INDEX($AC2:$BU2, 2*(COLUMN(BW2)-COLUMN($BV2))+1)} -> 5.6 | BY2: {=INDEX($AC2:$BU2, 2*(COLUMN(BX2)-COLUMN($BV2))+1)} -> 5.8 | BZ2: {=INDEX($AC2:$BU2, 2*(COLUMN(BY2)-COLUMN($BV2))+1)} -> 5.7 | CA2: {=INDEX($AC2:$BU2, 2*(COLUMN(BZ2)-COLUMN($BV2))+1)} -> 5.7 | CB2: {=INDEX($AC2:$BU2, 2*(COLUMN(CA2)-COLUMN($BV2))+1)} -> 5.7 | CC2: {=INDEX($AC2:$BU2, 2*(COLUMN(CB2)-COLUMN($BV2))+1)} -> 5.7 | CD2: {=INDEX($AC2:$BU2, 2*(COLUMN(CC2)-COLUMN($BV2))+1)} -> 5.8 | ... CS2: {=INDEX($AC2:$BU2, 2*(COLUMN(CR2)-COLUMN($BV2))+1)} -> 6.1
A3: 156334 | B3: 正常 | D3: 44999 | E3: 44999.292 | F3: 9.26 | G3: 8.6 | H3: 8.9 | I3: 9 | J3: 9 | K3: 9 | L3: 8.8666667 | M3: 8.8 | N3: 8.7333333 | O3: 8.5 | P3: 8.5333333 | Q3: 8.7333333 | R3: 8.4 | S3: 8.2 | T3: 9 | U3: 20 | V3: 0.02 | W3: -0.005 | X3: 1573 | Y3: 0 | Z3: 1573 | AA3: -1573 | AB3: 44999.274 | AC3: 8.7 | AD3: 44999.285 | AE3: 8.5 | AF3: 44999.295 | AG3: 8.7 | AH3: 44999.306 | AI3: 9 | AJ3: 44999.316 | AK3: 9 | AL3: 44999.326 | AM3: 9 | AN3: 44999.337 | AO3: 9 | AP3: 44999.347 | AQ3: 8.8 | AR3: 44999.358 | AS3: 8.8 | AT3: 44999.368 | AU3: 8.7 | AV3: 44999.378 | AW3: 8.4 | AX3: 44999.389 | AY3: 8.6 | AZ3: 44999.399 | BA3: 8.8 | BB3: 44999.41 | BC3: 8.2 | BD3: 44999.42 | BE3: 7.6 | BF3: 44999.431 | BG3: 7.3 | BH3: 44999.441 | BI3: 7.3 | BJ3: 44999.451 | BK3: 7.1 | BL3: 44999.462 | BM3: 6.9 | BN3: 44999.472 | BO3: 6.8 | BP3: 44999.483 | BQ3: 6.7 | BR3: 44999.493 | BS3: 6.6 | BT3: 44999.503 | BU3: 6.6 | BW3: {=INDEX($AC3:$BU3, 2*(COLUMN(BV3)-COLUMN($BV3))+1)} -> 8.7 | BX3: {=INDEX($AC3:$BU3, 2*(COLUMN(BW3)-COLUMN($BV3))+1)} -> 8.5 | BY3: {=INDEX($AC3:$BU3, 2*(COLUMN(BX3)-COLUMN($BV3))+1)} -> 8.7 | BZ3: {=INDEX($AC3:$BU3, 2*(COLUMN(BY3)-COLUMN($BV3))+1)} -> 9 | CA3: {=INDEX($AC3:$BU3, 2*(COLUMN(BZ3)-COLUMN($BV3))+1)} -> 9 | CB3: {=INDEX($AC3:$BU3, 2*(COLUMN(CA3)-COLUMN($BV3))+1)} -> 9 | CC3: {=INDEX($AC3:$BU3, 2*(COLUMN(CB3)-COLUMN($BV3))+1)} -> 9 | CD3: {=INDEX($AC3:$BU3, 2*(COLUMN(CC3)-COLUMN($BV3))+1)} -> 8.8 | ... CS3: {=INDEX($AC3:$BU3, 2*(COLUMN(CR3)-COLUMN($BV3))+1)} -> 6.6
A4: 147337 | B4: 正常 | D4: 45302 | E4: 45302.292 | F4: 7.8696429 | G4: 6.9 | H4: 6.64 | I4: 6.28 | J4: 5.98 | K4: 5.92 | L4: 6.74 | M4: 8.78 | N4: 11.08 | O4: 11.94 | P4: 11.46 | Q4: 11.1 | R4: 11.02 | S4: 10.9 | T4: 12.1 | U4: 114 | V4: 0.045614035 | W4: -0.018181818 | X4: 1587.6 | Y4: 0 | Z4: 1587.6 | AA4: -1587.6 | AB4: 45302.277 | AC4: 6.8 | AD4: 45302.287 | AE4: 7 | AF4: 45302.298 | AG4: 6.8 | AH4: 45302.308 | AI4: 6.4 | AJ4: 45302.319 | AK4: 6.1 | AL4: 45302.329 | AM4: 5.8 | AN4: 45302.34 | AO4: 6.1 | AP4: 45302.35 | AQ4: 7.7 | AR4: 45302.36 | AS4: 10.4 | AT4: 45302.371 | AU4: 12.1 | AV4: 45302.381 | AW4: 11.7 | AX4: 45302.392 | AY4: 11.1 | AZ4: 45302.402 | BA4: 11.1 | BB4: 45302.412 | BC4: 10.9 | BD4: 45302.423 | BE4: 10.5 | BF4: 45302.433 | BG4: 10.2 | BH4: 45302.444 | BI4: 9.5 | BJ4: 45302.454 | BK4: 8.3 | BL4: 45302.465 | BM4: 7.4 | BN4: 45302.475 | BO4: 7.1 | BP4: 45302.485 | BQ4: 6.7 | BR4: 45302.496 | BS4: 6.5 | BT4: 45302.506 | BU4: 6.8 | BW4: {=INDEX($AC4:$BU4, 2*(COLUMN(BV4)-COLUMN($BV4))+1)} -> 6.8 | BX4: {=INDEX($AC4:$BU4, 2*(COLUMN(BW4)-COLUMN($BV4))+1)} -> 7 | BY4: {=INDEX($AC4:$BU4, 2*(COLUMN(BX4)-COLUMN($BV4))+1)} -> 6.8 | BZ4: {=INDEX($AC4:$BU4, 2*(COLUMN(BY4)-COLUMN($BV4))+1)} -> 6.4 | CA4: {=INDEX($AC4:$BU4, 2*(COLUMN(BZ4)-COLUMN($BV4))+1)} -> 6.1 | CB4: {=INDEX($AC4:$BU4, 2*(COLUMN(CA4)-COLUMN($BV4))+1)} -> 5.8 | CC4: {=INDEX($AC4:$BU4, 2*(COLUMN(CB4)-COLUMN($BV4))+1)} -> 6.1 | CD4: {=INDEX($AC4:$BU4, 2*(COLUMN(CC4)-COLUMN($BV4))+1)} -> 7.7 | ... CS4: {=INDEX($AC4:$BU4, 2*(COLUMN(CR4)-COLUMN($BV4))+1)} -> 6.8
A5: 129464 | B5: 正常 | D5: 45385 | E5: 45385.292 | F5: 9.528665 | G5: 9.8 | H5: 10.273333 | I5: 10.213333 | J5: 9.94 | K5: 9.38 | L5: 8.78 | M5: 8.96 | N5: 10.04 | O5: 11.066667 | P5: 11.373333 | Q5: 11.053333 | R5: 10.653333 | S5: 10.6 | T5: 11.4 | U5: 137 | V5: 0.011678832 | W5: -0.018604651 | X5: 1829 | Y5: 0 | Z5: 1829 | AA5: -1829 | AB5: 45385.272 | AC5: 9.7 | AD5: 45385.283 | AE5: 9.9 | AF5: 45385.293 | AG5: 10.1 | AH5: 45385.303 | AI5: 10.3 | AJ5: 45385.314 | AK5: 10.2 | AL5: 45385.324 | AM5: 9.9 | AN5: 45385.335 | AO5: 9.3 | AP5: 45385.345 | AQ5: 8.7 | AR5: 45385.356 | AS5: 9 | AT5: 45385.366 | AU5: 10.2 | AV5: 45385.376 | AW5: 11.2 | AX5: 45385.387 | AY5: 11.4 | AZ5: 45385.397 | BA5: 11 | BB5: 45385.408 | BC5: 10.6 | BD5: 45385.418 | BE5: 10.3 | BF5: 45385.428 | BG5: 10.1 | BH5: 45385.439 | BI5: 10.2 | BJ5: 45385.449 | BK5: 10.2 | BL5: 45385.46 | BM5: 9.6 | BN5: 45385.47 | BO5: 8.2 | BP5: 45385.481 | BQ5: 7.1 | BR5: 45385.491 | BS5: 7.2 | BT5: 45385.501 | BU5: 7.5 | BW5: {=INDEX($AC5:$BU5, 2*(COLUMN(BV5)-COLUMN($BV5))+1)} -> 9.7 | BX5: {=INDEX($AC5:$BU5, 2*(COLUMN(BW5)-COLUMN($BV5))+1)} -> 9.9 | BY5: {=INDEX($AC5:$BU5, 2*(COLUMN(BX5)-COLUMN($BV5))+1)} -> 10.1 | BZ5: {=INDEX($AC5:$BU5, 2*(COLUMN(BY5)-COLUMN($BV5))+1)} -> 10.3 | CA5: {=INDEX($AC5:$BU5, 2*(COLUMN(BZ5)-COLUMN($BV5))+1)} -> 10.2 | CB5: {=INDEX($AC5:$BU5, 2*(COLUMN(CA5)-COLUMN($BV5))+1)} -> 9.9 | CC5: {=INDEX($AC5:$BU5, 2*(COLUMN(CB5)-COLUMN($BV5))+1)} -> 9.3 | CD5: {=INDEX($AC5:$BU5, 2*(COLUMN(CC5)-COLUMN($BV5))+1)} -> 8.7 | ... CS5: {=INDEX($AC5:$BU5, 2*(COLUMN(CR5)-COLUMN($BV5))+1)} -> 7.5
A6: 159819 | B6: 正常 | D6: 45072 | E6: 45072.292 | F6: 10.391588 | G6: 8.05 | H6: 9.26 | I6: 9.5066667 | J6: 9.4933333 | K6: 9.3466667 | L6: 9.46 | M6: 9.5466667 | N6: 9.2866667 | O6: 9.1 | P6: 9.2066667 | Q6: 9.3533333 | R6: 9.6133333 | S6: 9.8 | T6: 9.8 | U6: 172 | V6: 0.010174419 | W6: 0 | X6: 1681.475 | Y6: 0 | Z6: 1681.475 | AA6: -1681.475 | AB6: 45072.276 | AC6: 7.7 | AD6: 45072.286 | AE6: 8.4 | AF6: 45072.297 | AG6: 9.1 | AH6: 45072.307 | AI6: 9.4 | AJ6: 45072.317 | AK6: 9.6 | AL6: 45072.328 | AM6: 9.4 | AN6: 45072.338 | AO6: 9.3 | AP6: 45072.349 | AQ6: 9.6 | AR6: 45072.359 | AS6: 9.5 | AT6: 45072.369 | AU6: 9.1 | AV6: 45072.38 | AW6: 9.1 | AX6: 45072.39 | AY6: 9.3 | AZ6: 45072.401 | BA6: 9.4 | BB6: 45072.411 | BC6: 9.8 | BD6: 45072.422 | BE6: 10.3 | BF6: 45072.432 | BG6: 10 | BH6: 45072.442 | BI6: 9.7 | BJ6: 45072.453 | BK6: 9.8 | BL6: 45072.463 | BM6: 9.7 | BN6: 45072.474 | BO6: 9.8 | BP6: 45072.484 | BQ6: 10.1 | BR6: 45072.494 | BS6: 10.7 | BT6: 45072.505 | BU6: 10.8 | BW6: {=INDEX($AC6:$BU6, 2*(COLUMN(BV6)-COLUMN($BV6))+1)} -> 7.7 | BX6: {=INDEX($AC6:$BU6, 2*(COLUMN(BW6)-COLUMN($BV6))+1)} -> 8.4 | BY6: {=INDEX($AC6:$BU6, 2*(COLUMN(BX6)-COLUMN($BV6))+1)} -> 9.1 | BZ6: {=INDEX($AC6:$BU6, 2*(COLUMN(BY6)-COLUMN($BV6))+1)} -> 9.4 | CA6: {=INDEX($AC6:$BU6, 2*(COLUMN(BZ6)-COLUMN($BV6))+1)} -> 9.6 | CB6: {=INDEX($AC6:$BU6, 2*(COLUMN(CA6)-COLUMN($BV6))+1)} -> 9.4 | CC6: {=INDEX($AC6:$BU6, 2*(COLUMN(CB6)-COLUMN($BV6))+1)} -> 9.3 | CD6: {=INDEX($AC6:$BU6, 2*(COLUMN(CC6)-COLUMN($BV6))+1)} -> 9.6 | ... CS6: {=INDEX($AC6:$BU6, 2*(COLUMN(CR6)-COLUMN($BV6))+1)} -> 10.8
A7: 172029 | B7: 正常 | D7: 45273 | E7: 45273.292 | F7: 12.433629 | G7: 10.75 | H7: 9.7266667 | I7: 9.0666667 | J7: 8.8466667 | K7: 8.8533333 | L7: 8.8466667 | M7: 9.5066667 | N7: 11.04 | O7: 12.28 | P7: 12.366667 | Q7: 11.866667 | R7: 11.32 | S7: 11 | T7: 12.6 | U7: 128 | V7: 0.014453125 | W7: -0.030769231 | X7: 1868.925 | Y7: 0 | Z7: 1868.925 | AA7: -1868.925 | AB7: 45273.276 | AC7: 11.1 | AD7: 45273.287 | AE7: 10.4 | AF7: 45273.297 | AG7: 10.1 | AH7: 45273.308 | AI7: 9.3 | AJ7: 45273.318 | AK7: 8.8 | AL7: 45273.328 | AM7: 8.9 | AN7: 45273.339 | AO7: 8.8 | AP7: 45273.349 | AQ7: 8.9 | AR7: 45273.36 | AS7: 10.2 | AT7: 45273.37 | AU7: 12 | AV7: 45273.381 | AW7: 12.6 | AX7: 45273.391 | AY7: 12.1 | AZ7: 45273.401 | BA7: 11.6 | BB7: 45273.412 | BC7: 11 | BD7: 45273.422 | BE7: 10.6 | BF7: 45273.433 | BG7: 10.9 | BH7: 45273.443 | BI7: 10.5 | BJ7: 45273.453 | BK7: 9.9 | BL7: 45273.464 | BM7: 9.7 | BN7: 45273.474 | BO7: 9.6 | BP7: 45273.485 | BQ7: 9.8 | BR7: 45273.495 | BS7: 9.8 | BT7: 45273.506 | BU7: 10.2 | BW7: {=INDEX($AC7:$BU7, 2*(COLUMN(BV7)-COLUMN($BV7))+1)} -> 11.1 | BX7: {=INDEX($AC7:$BU7, 2*(COLUMN(BW7)-COLUMN($BV7))+1)} -> 10.4 | BY7: {=INDEX($AC7:$BU7, 2*(COLUMN(BX7)-COLUMN($BV7))+1)} -> 10.1 | BZ7: {=INDEX($AC7:$BU7, 2*(COLUMN(BY7)-COLUMN($BV7))+1)} -> 9.3 | CA7: {=INDEX($AC7:$BU7, 2*(COLUMN(BZ7)-COLUMN($BV7))+1)} -> 8.8 | CB7: {=INDEX($AC7:$BU7, 2*(COLUMN(CA7)-COLUMN($BV7))+1)} -> 8.9 | CC7: {=INDEX($AC7:$BU7, 2*(COLUMN(CB7)-COLUMN($BV7))+1)} -> 8.8 | CD7: {=INDEX($AC7:$BU7, 2*(COLUMN(CC7)-COLUMN($BV7))+1)} -> 8.9 | ... CS7: {=INDEX($AC7:$BU7, 2*(COLUMN(CR7)-COLUMN($BV7))+1)} -> 10.2
A8: 180732 | B8: 正常 | D8: 45378 | E8: 45378.292 | F8: 10.603413 | G8: 10.4 | H8: 10.1 | I8: 10.1 | J8: 10.1 | K8: 10.186667 | L8: 10.373333 | M8: 10.66 | N8: 10.873333 | O8: 10.64 | P8: 10.513333 | Q8: 10.326667 | R8: 9.78 | S8: 9.7 | T8: 10.9 | U8: 107 | V8: 0.0046728972 | W8: -0.016438356 | X8: 1855.55 | Y8: 0 | Z8: 1855.55 | AA8: -1855.55 | AB8: 45378.272 | AC8: 10.5 | AD8: 45378.283 | AE8: 10.3 | AF8: 45378.293 | AG8: 10.1 | AH8: 45378.303 | AI8: 10.1 | AJ8: 45378.314 | AK8: 10.1 | AL8: 45378.324 | AM8: 10.1 | AN8: 45378.335 | AO8: 10.2 | AP8: 45378.345 | AQ8: 10.4 | AR8: 45378.356 | AS8: 10.7 | AT8: 45378.366 | AU8: 10.9 | AV8: 45378.376 | AW8: 10.6 | AX8: 45378.387 | AY8: 10.5 | AZ8: 45378.397 | BA8: 10.3 | BB8: 45378.408 | BC8: 9.7 | BD8: 45378.418 | BE8: 9.6 | BF8: 45378.428 | BG8: 10.2 | BH8: 45378.439 | BI8: 10.6 | BJ8: 45378.449 | BK8: 10.8 | BL8: 45378.46 | BM8: 10.5 | BN8: 45378.47 | BO8: 10.3 | BP8: 45378.481 | BQ8: 10.3 | BR8: 45378.491 | BS8: 10.2 | BT8: 45378.501 | BU8: 10.1 | BW8: {=INDEX($AC8:$BU8, 2*(COLUMN(BV8)-COLUMN($BV8))+1)} -> 10.5 | BX8: {=INDEX($AC8:$BU8, 2*(COLUMN(BW8)-COLUMN($BV8))+1)} -> 10.3 | BY8: {=INDEX($AC8:$BU8, 2*(COLUMN(BX8)-COLUMN($BV8))+1)} -> 10.1 | BZ8: {=INDEX($AC8:$BU8, 2*(COLUMN(BY8)-COLUMN($BV8))+1)} -> 10.1 | CA8: {=INDEX($AC8:$BU8, 2*(COLUMN(BZ8)-COLUMN($BV8))+1)} -> 10.1 | CB8: {=INDEX($AC8:$BU8, 2*(COLUMN(CA8)-COLUMN($BV8))+1)} -> 10.1 | CC8: {=INDEX($AC8:$BU8, 2*(COLUMN(CB8)-COLUMN($BV8))+1)} -> 10.2 | CD8: {=INDEX($AC8:$BU8, 2*(COLUMN(CC8)-COLUMN($BV8))+1)} -> 10.4 | ... CS8: {=INDEX($AC8:$BU8, 2*(COLUMN(CR8)-COLUMN($BV8))+1)} -> 10.1
A9: 185715 | B9: 正常 | D9: 45113 | E9: 45113.292 | F9: 8.47 | G9: 6.4 | H9: 6.6 | I9: 6.68 | J9: 7.1 | K9: 7.44 | L9: 7.34 | M9: 7.3 | N9: 7.54 | O9: 7.84 | P9: 7.74 | Q9: 7.46 | R9: 7.72 | S9: 7.8 | T9: 7.9 | U9: 123 | V9: 0.012195122 | W9: -0.001754386 | X9: 1317.9 | Y9: 0 | Z9: 1317.9 | AA9: -1317.9 | AB9: 45113.273 | AC9: 6.4 | AD9: 45113.283 | AE9: 6.4 | AF9: 45113.294 | AG9: 6.6 | AH9: 45113.304 | AI9: 6.6 | AJ9: 45113.315 | AK9: 6.7 | AL9: 45113.325 | AM9: 7.2 | AN9: 45113.335 | AO9: 7.5 | AP9: 45113.346 | AQ9: 7.3 | AR9: 45113.356 | AS9: 7.3 | AT9: 45113.367 | AU9: 7.6 | AV9: 45113.377 | AW9: 7.9 | AX9: 45113.387 | AY9: 7.7 | AZ9: 45113.398 | BA9: 7.4 | BB9: 45113.408 | BC9: 7.8 | BD9: 45113.419 | BE9: 8.1 | BF9: 45113.429 | BG9: 7.8 | BH9: 45113.44 | BI9: 7.8 | BJ9: 45113.45 | BK9: 7.6 | BL9: 45113.46 | BM9: 7 | BN9: 45113.471 | BO9: 6.9 | BP9: 45113.481 | BQ9: 7.1 | BR9: 45113.492 | BS9: 7.3 | BT9: 45113.502 | BU9: 7.1 | BW9: {=INDEX($AC9:$BU9, 2*(COLUMN(BV9)-COLUMN($BV9))+1)} -> 6.4 | BX9: {=INDEX($AC9:$BU9, 2*(COLUMN(BW9)-COLUMN($BV9))+1)} -> 6.4 | BY9: {=INDEX($AC9:$BU9, 2*(COLUMN(BX9)-COLUMN($BV9))+1)} -> 6.6 | BZ9: {=INDEX($AC9:$BU9, 2*(COLUMN(BY9)-COLUMN($BV9))+1)} -> 6.6 | CA9: {=INDEX($AC9:$BU9, 2*(COLUMN(BZ9)-COLUMN($BV9))+1)} -> 6.7 | CB9: {=INDEX($AC9:$BU9, 2*(COLUMN(CA9)-COLUMN($BV9))+1)} -> 7.2 | CC9: {=INDEX($AC9:$BU9, 2*(COLUMN(CB9)-COLUMN($BV9))+1)} -> 7.5 | CD9: {=INDEX($AC9:$BU9, 2*(COLUMN(CC9)-COLUMN($BV9))+1)} -> 7.3 | ... CS9: {=INDEX($AC9:$BU9, 2*(COLUMN(CR9)-COLUMN($BV9))+1)} -> 7.1
A10: 187123 | B10: 正常 | D10: 45314 | E10: 45314.292 | F10: 10.65 | G10: 10.05 | H10: 10.38 | I10: 10.4 | J10: 10.72 | K10: 10.8 | L10: 10.48 | M10: 10.08 | N10: 10 | O10: 10.16 | P10: 10.12 | Q10: 9.86 | R10: 9.72 | S10: 9.7 | T10: 10.8 | U10: 48 | V10: 0.015625 | W10: -0.0083333333 | X10: 1838.925 | Y10: 0 | Z10: 1838.925 | AA10: -1838.925 | AB10: 45314.273 | AC10: 9.9 | AD10: 45314.283 | AE10: 10.2 | AF10: 45314.294 | AG10: 10.3 | AH10: 45314.304 | AI10: 10.4 | AJ10: 45314.315 | AK10: 10.4 | AL10: 45314.325 | AM10: 10.8 | AN10: 45314.335 | AO10: 10.8 | AP10: 45314.346 | AQ10: 10.4 | AR10: 45314.356 | AS10: 10 | AT10: 45314.367 | AU10: 10 | AV10: 45314.377 | AW10: 10.2 | AX10: 45314.387 | AY10: 10.1 | AZ10: 45314.398 | BA10: 9.8 | BB10: 45314.408 | BC10: 9.7 | BD10: 45314.419 | BE10: 9.3 | BF10: 45314.429 | BG10: 9.2 | BH10: 45314.44 | BI10: 9.5 | BJ10: 45314.45 | BK10: 9.8 | BL10: 45314.46 | BM10: 10 | BN10: 45314.471 | BO10: 10.2 | BP10: 45314.481 | BQ10: 10.8 | BR10: 45314.492 | BS10: 11.5 | BT10: 45314.502 | BU10: 11.8 | BW10: {=INDEX($AC10:$BU10, 2*(COLUMN(BV10)-COLUMN($BV10))+1)} -> 9.9 | BX10: {=INDEX($AC10:$BU10, 2*(COLUMN(BW10)-COLUMN($BV10))+1)} -> 10.2 | BY10: {=INDEX($AC10:$BU10, 2*(COLUMN(BX10)-COLUMN($BV10))+1)} -> 10.3 | BZ10: {=INDEX($AC10:$BU10, 2*(COLUMN(BY10)-COLUMN($BV10))+1)} -> 10.4 | CA10: {=INDEX($AC10:$BU10, 2*(COLUMN(BZ10)-COLUMN($BV10))+1)} -> 10.4 | CB10: {=INDEX($AC10:$BU10, 2*(COLUMN(CA10)-COLUMN($BV10))+1)} -> 10.8 | CC10: {=INDEX($AC10:$BU10, 2*(COLUMN(CB10)-COLUMN($BV10))+1)} -> 10.8 | CD10: {=INDEX($AC10:$BU10, 2*(COLUMN(CC10)-COLUMN($BV10))+1)} -> 10.4 | ... CS10: {=INDEX($AC10:$BU10, 2*(COLUMN(CR10)-COLUMN($BV10))+1)} -> 11.8
A11: 189328 | B11: 正常 | D11: 45005 | E11: 45005.292 | F11: 14.948517 | G11: 13.65 | H11: 15.9 | I11: 17.733333 | J11: 19.533333 | K11: 21 | L11: 21.9 | M11: 21.9 | N11: 21.366667 | O11: 21 | P11: 20.533333 | Q11: 19.733333 | R11: 19.033333 | S11: 18.7 | T11: 22.1 | U11: 85 | V11: 0.099411765 | W11: -0.035789474 | X11: 3537.125 | Y11: 0 | Z11: 3537.125 | AA11: -3537.125 | AB11: 45005.278 | AC11: 13.4 | AD11: 45005.288 | AE11: 13.9 | AF11: 45005.299 | AG11: 15.3 | AH11: 45005.309 | AI11: 17.1 | AJ11: 45005.319 | AK11: 19 | AL11: 45005.33 | AM11: 20.6 | AN11: 45005.34 | AO11: 21.8 | AP11: 45005.351 | AQ11: 22.1 | AR11: 45005.361 | AS11: 21.5 | AT11: 45005.372 | AU11: 21.1 | AV11: 45005.382 | AW11: 20.8 | AX11: 45005.392 | AY11: 20 | AZ11: 45005.403 | BA11: 19.2 | BB11: 45005.413 | BC11: 18.7 | BD11: 45005.424 | BE11: 18 | BF11: 45005.434 | BG11: 17.2 | BH11: 45005.444 | BI11: 16.8 | BJ11: 45005.455 | BK11: 16.8 | BL11: 45005.465 | BM11: 16.4 | BN11: 45005.476 | BO11: 15.6 | BP11: 45005.486 | BQ11: 15.3 | BR11: 45005.497 | BS11: 15.8 | BT11: 45005.507 | BU11: 16.7 | BW11: {=INDEX($AC11:$BU11, 2*(COLUMN(BV11)-COLUMN($BV11))+1)} -> 13.4 | BX11: {=INDEX($AC11:$BU11, 2*(COLUMN(BW11)-COLUMN($BV11))+1)} -> 13.9 | BY11: {=INDEX($AC11:$BU11, 2*(COLUMN(BX11)-COLUMN($BV11))+1)} -> 15.3 | BZ11: {=INDEX($AC11:$BU11, 2*(COLUMN(BY11)-COLUMN($BV11))+1)} -> 17.1 | CA11: {=INDEX($AC11:$BU11, 2*(COLUMN(BZ11)-COLUMN($BV11))+1)} -> 19 | CB11: {=INDEX($AC11:$BU11, 2*(COLUMN(CA11)-COLUMN($BV11))+1)} -> 20.6 | CC11: {=INDEX($AC11:$BU11, 2*(COLUMN(CB11)-COLUMN($BV11))+1)} -> 21.8 | CD11: {=INDEX($AC11:$BU11, 2*(COLUMN(CC11)-COLUMN($BV11))+1)} -> 22.1 | ... CS11: {=INDEX($AC11:$BU11, 2*(COLUMN(CR11)-COLUMN($BV11))+1)} -> 16.7
A12: 203620 | B12: 正常 | D12: 45070 | E12: 45070.292 | F12: 10.06 | G12: 8.6 | H12: 9.3133333 | I12: 11.02 | J12: 13.42 | K12: 15.633333 | L12: 17.4 | M12: 18.62 | N12: 18.82 | O12: 17.893333 | P12: 16.733333 | Q12: 15.873333 | R12: 15.406667 | S12: 15.3 | T12: 19.1 | U12: 98 | V12: 0.10714286 | W12: -0.046341463 | X12: 2731.25 | Y12: 0 | Z12: 2731.25 | AA12: -2731.25 | AB12: 45070.276 | AC12: 8.5 | AD12: 45070.287 | AE12: 8.7 | AF12: 45070.297 | AG12: 8.8 | AH12: 45070.308 | AI12: 9.9 | AJ12: 45070.318 | AK12: 12.3 | AL12: 45070.328 | AM12: 14.7 | AN12: 45070.339 | AO12: 16.7 | AP12: 45070.349 | AQ12: 18.2 | AR12: 45070.36 | AS12: 19.1 | AT12: 45070.37 | AU12: 18.5 | AV12: 45070.381 | AW12: 17.2 | AX12: 45070.391 | AY12: 16.2 | AZ12: 45070.401 | BA12: 15.5 | BB12: 45070.412 | BC12: 15.3 | BD12: 45070.422 | BE12: 15.7 | BF12: 45070.433 | BG12: 15.8 | BH12: 45070.443 | BI12: 15.4 | BJ12: 45070.453 | BK12: 14.6 | BL12: 45070.464 | BM12: 13.8 | BN12: 45070.474 | BO12: 12.8 | BP12: 45070.485 | BQ12: 12 | BR12: 45070.495 | BS12: 10.9 | BT12: 45070.506 | BU12: 9.7 | BW12: {=INDEX($AC12:$BU12, 2*(COLUMN(BV12)-COLUMN($BV12))+1)} -> 8.5 | BX12: {=INDEX($AC12:$BU12, 2*(COLUMN(BW12)-COLUMN($BV12))+1)} -> 8.7 | BY12: {=INDEX($AC12:$BU12, 2*(COLUMN(BX12)-COLUMN($BV12))+1)} -> 8.8 | BZ12: {=INDEX($AC12:$BU12, 2*(COLUMN(BY12)-COLUMN($BV12))+1)} -> 9.9 | CA12: {=INDEX($AC12:$BU12, 2*(COLUMN(BZ12)-COLUMN($BV12))+1)} -> 12.3 | CB12: {=INDEX($AC12:$BU12, 2*(COLUMN(CA12)-COLUMN($BV12))+1)} -> 14.7 | CC12: {=INDEX($AC12:$BU12, 2*(COLUMN(CB12)-COLUMN($BV12))+1)} -> 16.7 | CD12: {=INDEX($AC12:$BU12, 2*(COLUMN(CC12)-COLUMN($BV12))+1)} -> 18.2 | ... CS12: {=INDEX($AC12:$BU12, 2*(COLUMN(CR12)-COLUMN($BV12))+1)} -> 9.7
A13: 207954 | B13: 正常 | D13: 45182 | E13: 45182.292 | F13: 14.24 | G13: 13.6 | H13: 13.1 | I13: 12.7 | J13: 11.8 | K13: 11.2 | L13: 11.8 | M13: 12.9 | N13: 13.4 | O13: 13.3 | P13: 13 | Q13: 12.4 | R13: 11.7 | S13: 11.9 | T13: 13.5 | U13: 0 | W13: -0.0088888889 | X13: 2250.75 | Y13: 0 | Z13: 2250.75 | AA13: -2250.75 | AB13: 45182.271 | AC13: 13.7 | AD13: 45182.281 | AE13: 13.6 | AF13: 45182.292 | AG13: 13.5 | AH13: 45182.302 | AI13: 13.1 | AJ13: 45182.312 | AK13: 12.7 | AL13: 45182.323 | AM13: 11.8 | AN13: 45182.333 | AO13: 11.2 | AP13: 45182.344 | AQ13: 11.8 | AR13: 45182.354 | AS13: 12.9 | AT13: 45182.365 | AU13: 13.4 | AV13: 45182.375 | AW13: 13.3 | AX13: 45182.385 | AY13: 13 | AZ13: 45182.396 | BA13: 12.4 | BB13: 45182.406 | BC13: 11.7 | BD13: 45182.417 | BE13: 11.9 | BF13: 45182.427 | BG13: 12.4 | BH13: 45182.438 | BI13: 12.6 | BJ13: 45182.448 | BK13: 12.9 | BL13: 45182.458 | BM13: 13.7 | BN13: 45182.469 | BO13: 14.3 | BP13: 45182.479 | BQ13: 14.1 | BR13: 45182.49 | BS13: 13.1 | BT13: 45182.5 | BU13: 11.9 | BW13: {=INDEX($AC13:$BU13, 2*(COLUMN(BV13)-COLUMN($BV13))+1)} -> 13.7 | BX13: {=INDEX($AC13:$BU13, 2*(COLUMN(BW13)-COLUMN($BV13))+1)} -> 13.6 | BY13: {=INDEX($AC13:$BU13, 2*(COLUMN(BX13)-COLUMN($BV13))+1)} -> 13.5 | BZ13: {=INDEX($AC13:$BU13, 2*(COLUMN(BY13)-COLUMN($BV13))+1)} -> 13.1 | CA13: {=INDEX($AC13:$BU13, 2*(COLUMN(BZ13)-COLUMN($BV13))+1)} -> 12.7 | CB13: {=INDEX($AC13:$BU13, 2*(COLUMN(CA13)-COLUMN($BV13))+1)} -> 11.8 | CC13: {=INDEX($AC13:$BU13, 2*(COLUMN(CB13)-COLUMN($BV13))+1)} -> 11.2 | CD13: {=INDEX($AC13:$BU13, 2*(COLUMN(CC13)-COLUMN($BV13))+1)} -> 11.8 | ... CS13: {=INDEX($AC13:$BU13, 2*(COLUMN(CR13)-COLUMN($BV13))+1)} -> 11.9
A14: 209646 | B14: 正常 | D14: 45189 | E14: 45189.292 | F14: 16.35 | G14: 15.5 | H14: 14.013333 | I14: 13.506667 | J14: 12.96 | K14: 12.506667 | L14: 12.4 | M14: 12.253333 | N14: 11.173333 | O14: 9.9933333 | P14: 9.6266667 | Q14: 9.6 | R14: 9.16 | S14: 9 | T14: 14.6 | U14: 4 | V14: -0.225 | W14: -0.031818182 | X14: 2091.65 | Y14: 0 | Z14: 2091.65 | AA14: -2091.65 | AB14: 45189.274 | AC14: 15.3 | AD14: 45189.284 | AE14: 15.7 | AF14: 45189.294 | AG14: 14.6 | AH14: 45189.305 | AI14: 13.8 | AJ14: 45189.315 | AK14: 13.4 | AL14: 45189.326 | AM14: 12.8 | AN14: 45189.336 | AO14: 12.4 | AP14: 45189.347 | AQ14: 12.4 | AR14: 45189.357 | AS14: 12.2 | AT14: 45189.367 | AU14: 10.8 | AV14: 45189.378 | AW14: 9.7 | AX14: 45189.388 | AY14: 9.6 | AZ14: 45189.399 | BA14: 9.6 | BB14: 45189.409 | BC14: 9 | BD14: 45189.419 | BE14: 8.7 | BF14: 45189.43 | BG14: 8.4 | BH14: 45189.44 | BI14: 8.1 | BJ14: 45189.451 | BK14: 7.8 | BL14: 45189.461 | BM14: 7.6 | BN14: 45189.472 | BO14: 7.5 | BP14: 45189.482 | BQ14: 7.4 | BR14: 45189.492 | BS14: 7.2 | BT14: 45189.503 | BU14: 6.7 | BW14: {=INDEX($AC14:$BU14, 2*(COLUMN(BV14)-COLUMN($BV14))+1)} -> 15.3 | BX14: {=INDEX($AC14:$BU14, 2*(COLUMN(BW14)-COLUMN($BV14))+1)} -> 15.7 | BY14: {=INDEX($AC14:$BU14, 2*(COLUMN(BX14)-COLUMN($BV14))+1)} -> 14.6 | BZ14: {=INDEX($AC14:$BU14, 2*(COLUMN(BY14)-COLUMN($BV14))+1)} -> 13.8 | CA14: {=INDEX($AC14:$BU14, 2*(COLUMN(BZ14)-COLUMN($BV14))+1)} -> 13.4 | CB14: {=INDEX($AC14:$BU14, 2*(COLUMN(CA14)-COLUMN($BV14))+1)} -> 12.8 | CC14: {=INDEX($AC14:$BU14, 2*(COLUMN(CB14)-COLUMN($BV14))+1)} -> 12.4 | CD14: {=INDEX($AC14:$BU14, 2*(COLUMN(CC14)-COLUMN($BV14))+1)} -> 12.4 | ... CS14: {=INDEX($AC14:$BU14, 2*(COLUMN(CR14)-COLUMN($BV14))+1)} -> 6.7
A15: 212432 | B15: 正常 | D15: 45344 | E15: 45344.292 | F15: 16.27 | G15: 15.5 | H15: 16.946667 | I15: 18.64 | J15: 20.393333 | K15: 21.626667 | L15: 22.093333 | M15: 22.386667 | N15: 22.46 | O15: 22.02 | P15: 21.42 | Q15: 21.146667 | R15: 21.34 | S15: 21.5 | T15: 22.6 | U15: 98 | V15: 0.07244898 | W15: -0.013414634 | X15: 3734.6 | Y15: 0 | Z15: 3734.6 | AA15: -3734.6 | AB15: 45344.276 | AC15: 15.4 | AD15: 45344.287 | AE15: 15.6 | AF15: 45344.297 | AG15: 16.2 | AH15: 45344.308 | AI15: 17.8 | AJ15: 45344.318 | AK15: 19.6 | AL15: 45344.328 | AM15: 21.3 | AN15: 45344.339 | AO15: 22 | AP15: 45344.349 | AQ15: 22.2 | AR15: 45344.36 | AS15: 22.6 | AT15: 45344.37 | AU15: 22.3 | AV15: 45344.381 | AW15: 21.7 | AX15: 45344.391 | AY15: 21.1 | AZ15: 45344.401 | BA15: 21.2 | BB15: 45344.412 | BC15: 21.5 | BD15: 45344.422 | BE15: 21.9 | BF15: 45344.433 | BG15: 22.9 | BH15: 45344.443 | BI15: 24.5 | BJ15: 45344.453 | BK15: 26 | BL15: 45344.464 | BM15: 26.9 | BN15: 45344.474 | BO15: 26.9 | BP15: 45344.485 | BQ15: 26.6 | BR15: 45344.495 | BS15: 26.1 | BT15: 45344.506 | BU15: 25.2 | BW15: {=INDEX($AC15:$BU15, 2*(COLUMN(BV15)-COLUMN($BV15))+1)} -> 15.4 | BX15: {=INDEX($AC15:$BU15, 2*(COLUMN(BW15)-COLUMN($BV15))+1)} -> 15.6 | BY15: {=INDEX($AC15:$BU15, 2*(COLUMN(BX15)-COLUMN($BV15))+1)} -> 16.2 | BZ15: {=INDEX($AC15:$BU15, 2*(COLUMN(BY15)-COLUMN($BV15))+1)} -> 17.8 | CA15: {=INDEX($AC15:$BU15, 2*(COLUMN(BZ15)-COLUMN($BV15))+1)} -> 19.6 | CB15: {=INDEX($AC15:$BU15, 2*(COLUMN(CA15)-COLUMN($BV15))+1)} -> 21.3 | CC15: {=INDEX($AC15:$BU15, 2*(COLUMN(CB15)-COLUMN($BV15))+1)} -> 22 | CD15: {=INDEX($AC15:$BU15, 2*(COLUMN(CC15)-COLUMN($BV15))+1)} -> 22.2 | ... CS15: {=INDEX($AC15:$BU15, 2*(COLUMN(CR15)-COLUMN($BV15))+1)} -> 25.2
A16: 214223 | B16: 正常 | D16: 45117 | E16: 45117.292 | F16: 13.53 | G16: 12.75 | H16: 12.8 | I16: 12.88 | J16: 13.18 | K16: 13.453333 | L16: 13.573333 | M16: 13.366667 | N16: 12.786667 | O16: 12.066667 | P16: 11.726667 | Q16: 11.906667 | R16: 12.386667 | S16: 12.9 | T16: 13.6 | U16: 71 | V16: 0.011971831 | W16: -0.0064220183 | X16: 2294.275 | Y16: 0 | Z16: 2294.275 | AA16: -2294.275 | AB16: 45117.278 | AC16: 12.7 | AD16: 45117.289 | AE16: 12.8 | AF16: 45117.299 | AG16: 12.8 | AH16: 45117.31 | AI16: 12.8 | AJ16: 45117.32 | AK16: 13.1 | AL16: 45117.331 | AM16: 13.4 | AN16: 45117.341 | AO16: 13.6 | AP16: 45117.351 | AQ16: 13.5 | AR16: 45117.362 | AS16: 13 | AT16: 45117.372 | AU16: 12.2 | AV16: 45117.383 | AW16: 11.7 | AX16: 45117.393 | AY16: 11.8 | AZ16: 45117.403 | BA16: 12.2 | BB16: 45117.414 | BC16: 12.9 | BD16: 45117.424 | BE16: 13.4 | BF16: 45117.435 | BG16: 13.4 | BH16: 45117.445 | BI16: 13.3 | BJ16: 45117.456 | BK16: 13.1 | BL16: 45117.466 | BM16: 13.5 | BN16: 45117.476 | BO16: 14.9 | BP16: 45117.487 | BQ16: 15.6 | BR16: 45117.497 | BS16: 15.2 | BT16: 45117.508 | BU16: 15.1 | BW16: {=INDEX($AC16:$BU16, 2*(COLUMN(BV16)-COLUMN($BV16))+1)} -> 12.7 | BX16: {=INDEX($AC16:$BU16, 2*(COLUMN(BW16)-COLUMN($BV16))+1)} -> 12.8 | BY16: {=INDEX($AC16:$BU16, 2*(COLUMN(BX16)-COLUMN($BV16))+1)} -> 12.8 | BZ16: {=INDEX($AC16:$BU16, 2*(COLUMN(BY16)-COLUMN($BV16))+1)} -> 12.8 | CA16: {=INDEX($AC16:$BU16, 2*(COLUMN(BZ16)-COLUMN($BV16))+1)} -> 13.1 | CB16: {=INDEX($AC16:$BU16, 2*(COLUMN(CA16)-COLUMN($BV16))+1)} -> 13.4 | CC16: {=INDEX($AC16:$BU16, 2*(COLUMN(CB16)-COLUMN($BV16))+1)} -> 13.6 | CD16: {=INDEX($AC16:$BU16, 2*(COLUMN(CC16)-COLUMN($BV16))+1)} -> 13.5 | ... CS16: {=INDEX($AC16:$BU16, 2*(COLUMN(CR16)-COLUMN($BV16))+1)} -> 15.1
A17: 203640 | B17: 正常 | D17: 44994 | E17: 44994.292 | F17: 14.49 | G17: 11.8 | H17: 12.84 | I17: 14.12 | J17: 15.74 | K17: 17.3 | L17: 18.16 | M17: 18.5 | N17: 19 | O17: 19.54 | P17: 20.04 | Q17: 19.62 | R17: 18.76 | S17: 18.2 | T17: 20.1 | U17: 132 | V17: 0.062878788 | W17: -0.039583333 | X17: 3129.3 | Y17: 0 | Z17: 3129.3 | AA17: -3129.3 | AB17: 44994.279 | AC17: 11.8 | AD17: 44994.29 | AE17: 11.8 | AF17: 44994.3 | AG17: 12.6 | AH17: 44994.31 | AI17: 13.8 | AJ17: 44994.321 | AK17: 15.4 | AL17: 44994.331 | AM17: 17.1 | AN17: 44994.342 | AO17: 18.1 | AP17: 44994.352 | AQ17: 18.4 | AR17: 44994.363 | AS17: 18.9 | AT17: 44994.373 | AU17: 19.4 | AV17: 44994.383 | AW17: 20.1 | AX17: 44994.394 | AY17: 19.8 | AZ17: 44994.404 | BA17: 18.9 | BB17: 44994.415 | BC17: 18.2 | BD17: 44994.425 | BE17: 17.4 | BF17: 44994.435 | BG17: 17.1 | BH17: 44994.446 | BI17: 16.8 | BJ17: 44994.456 | BK17: 16.6 | BL17: 44994.467 | BM17: 15.9 | BN17: 44994.477 | BO17: 15.1 | BP17: 44994.488 | BQ17: 14.7 | BR17: 44994.498 | BS17: 14.7 | BT17: 44994.508 | BU17: 14.4 | BW17: {=INDEX($AC17:$BU17, 2*(COLUMN(BV17)-COLUMN($BV17))+1)} -> 11.8 | BX17: {=INDEX($AC17:$BU17, 2*(COLUMN(BW17)-COLUMN($BV17))+1)} -> 11.8 | BY17: {=INDEX($AC17:$BU17, 2*(COLUMN(BX17)-COLUMN($BV17))+1)} -> 12.6 | BZ17: {=INDEX($AC17:$BU17, 2*(COLUMN(BY17)-COLUMN($BV17))+1)} -> 13.8 | CA17: {=INDEX($AC17:$BU17, 2*(COLUMN(BZ17)-COLUMN($BV17))+1)} -> 15.4 | CB17: {=INDEX($AC17:$BU17, 2*(COLUMN(CA17)-COLUMN($BV17))+1)} -> 17.1 | CC17: {=INDEX($AC17:$BU17, 2*(COLUMN(CB17)-COLUMN($BV17))+1)} -> 18.1 | CD17: {=INDEX($AC17:$BU17, 2*(COLUMN(CC17)-COLUMN($BV17))+1)} -> 18.4 | ... CS17: {=INDEX($AC17:$BU17, 2*(COLUMN(CR17)-COLUMN($BV17))+1)} -> 14.4
A18: 211268 | B18: 正常 | D18: 44112 | E18: 44112.292 | F18: 13.394409 | G18: 11.975 | H18: 13.87 | I18: 14.02 | J18: 13.35 | K18: 12.76 | L18: 13.446667 | M18: 14.09 | N18: 13.663333 | O18: 13.48 | P18: 13.816667 | Q18: 13.613333 | R18: 12.686667 | S18: 11.94 | T18: 14.22 | U18: 85 | V18: 0.026411765 | W18: -0.024 | X18: 2411.3125 | Y18: 0 | Z18: 2411.3125 | AA18: -2411.3125 | AB18: 44112.278 | AC18: 11.56 | AD18: 44112.288 | AE18: 12.39 | AF18: 44112.299 | AG18: 13.72 | AH18: 44112.309 | AI18: 14.17 | AJ18: 44112.319 | AK18: 13.72 | AL18: 44112.33 | AM18: 12.61 | AN18: 44112.34 | AO18: 13.06 | AP18: 44112.351 | AQ18: 14.22 | AR18: 44112.361 | AS18: 13.83 | AT18: 44112.372 | AU18: 13.33 | AV18: 44112.382 | AW18: 13.78 | AX18: 44112.392 | AY18: 13.89 | AZ18: 44112.403 | BA18: 13.06 | BB18: 44112.413 | BC18: 11.94 | BD18: 44112.424 | BE18: 11.39 | BF18: 44112.434 | BG18: 11.61 | BH18: 44112.444 | BI18: 12.11 | BJ18: 44112.455 | BK18: 11.83 | BL18: 44112.465 | BM18: 11.22 | BN18: 44112.476 | BO18: 11.33 | BP18: 44112.486 | BQ18: 12.61 | BR18: 44112.497 | BS18: 13.61 | BT18: 44112.507 | BU18: 13.5 | BW18: {=INDEX($AC18:$BU18, 2*(COLUMN(BV18)-COLUMN($BV18))+1)} -> 11.56 | BX18: {=INDEX($AC18:$BU18, 2*(COLUMN(BW18)-COLUMN($BV18))+1)} -> 12.39 | BY18: {=INDEX($AC18:$BU18, 2*(COLUMN(BX18)-COLUMN($BV18))+1)} -> 13.72 | BZ18: {=INDEX($AC18:$BU18, 2*(COLUMN(BY18)-COLUMN($BV18))+1)} -> 14.17 | CA18: {=INDEX($AC18:$BU18, 2*(COLUMN(BZ18)-COLUMN($BV18))+1)} -> 13.72 | CB18: {=INDEX($AC18:$BU18, 2*(COLUMN(CA18)-COLUMN($BV18))+1)} -> 12.61 | CC18: {=INDEX($AC18:$BU18, 2*(COLUMN(CB18)-COLUMN($BV18))+1)} -> 13.06 | CD18: {=INDEX($AC18:$BU18, 2*(COLUMN(CC18)-COLUMN($BV18))+1)} -> 14.22 | ... CS18: {=INDEX($AC18:$BU18, 2*(COLUMN(CR18)-COLUMN($BV18))+1)} -> 13.5
A19: 218877 | B19: 正常 | D19: 45192 | E19: 45192.292 | F19: 9.6624567 | G19: 9.55 | H19: 9.0866667 | I19: 8.9866667 | J19: 8.8466667 | K19: 8.4733333 | L19: 8.22 | M19: 7.66 | N19: 7.5733333 | O19: 8.9266667 | P19: 10.573333 | Q19: 11.873333 | R19: 13.226667 | S19: 14.7 | T19: 14.7 | U19: 178 | V19: 0.028932584 | W19: 0 | X19: 1733.575 | Y19: 0 | Z19: 1733.575 | AA19: -1733.575 | AB19: 45192.28 | AC19: 9.7 | AD19: 45192.29 | AE19: 9.4 | AF19: 45192.301 | AG19: 9.1 | AH19: 45192.311 | AI19: 9 | AJ19: 45192.322 | AK19: 8.9 | AL19: 45192.332 | AM19: 8.5 | AN19: 45192.342 | AO19: 8.3 | AP19: 45192.353 | AQ19: 7.7 | AR19: 45192.363 | AS19: 7.4 | AT19: 45192.374 | AU19: 8.7 | AV19: 45192.384 | AW19: 10.4 | AX19: 45192.394 | AY19: 11.7 | AZ19: 45192.405 | BA19: 13 | BB19: 45192.415 | BC19: 14.7 | BD19: 45192.426 | BE19: 15.9 | BF19: 45192.436 | BG19: 16.3 | BH19: 45192.447 | BI19: 16.6 | BJ19: 45192.457 | BK19: 17.2 | BL19: 45192.467 | BM19: 17 | BN19: 45192.478 | BO19: 16.8 | BP19: 45192.488 | BQ19: 16.9 | BR19: 45192.499 | BS19: 16.7 | BT19: 45192.509 | BU19: 16.6 | BW19: {=INDEX($AC19:$BU19, 2*(COLUMN(BV19)-COLUMN($BV19))+1)} -> 9.7 | BX19: {=INDEX($AC19:$BU19, 2*(COLUMN(BW19)-COLUMN($BV19))+1)} -> 9.4 | BY19: {=INDEX($AC19:$BU19, 2*(COLUMN(BX19)-COLUMN($BV19))+1)} -> 9.1 | BZ19: {=INDEX($AC19:$BU19, 2*(COLUMN(BY19)-COLUMN($BV19))+1)} -> 9 | CA19: {=INDEX($AC19:$BU19, 2*(COLUMN(BZ19)-COLUMN($BV19))+1)} -> 8.9 | CB19: {=INDEX($AC19:$BU19, 2*(COLUMN(CA19)-COLUMN($BV19))+1)} -> 8.5 | CC19: {=INDEX($AC19:$BU19, 2*(COLUMN(CB19)-COLUMN($BV19))+1)} -> 8.3 | CD19: {=INDEX($AC19:$BU19, 2*(COLUMN(CC19)-COLUMN($BV19))+1)} -> 7.7 | ... CS19: {=INDEX($AC19:$BU19, 2*(COLUMN(CR19)-COLUMN($BV19))+1)} -> 16.6
A20: 219341 | B20: 正常 | D20: 45084 | E20: 45084.292 | F20: 10.97 | G20: 12.45 | H20: 11.4 | I20: 11.34 | J20: 11.36 | K20: 12.18 | L20: 13.42 | M20: 13.78 | N20: 12.92 | O20: 11.5 | P20: 9.88 | Q20: 8.6 | R20: 8.62 | S20: 8.9 | T20: 13.9 | U20: 81 | V20: 0.017901235 | W20: -0.050505051 | X20: 2035.125 | Y20: 0 | Z20: 2035.125 | AA20: -2035.125 | AB20: 45084.275 | AC20: 12.7 | AD20: 45084.285 | AE20: 12.2 | AF20: 45084.296 | AG20: 11.4 | AH20: 45084.306 | AI20: 11.4 | AJ20: 45084.317 | AK20: 11.3 | AL20: 45084.327 | AM20: 11.4 | AN20: 45084.338 | AO20: 12.7 | AP20: 45084.348 | AQ20: 13.9 | AR20: 45084.358 | AS20: 13.7 | AT20: 45084.369 | AU20: 12.4 | AV20: 45084.379 | AW20: 10.9 | AX20: 45084.39 | AY20: 9.2 | AZ20: 45084.4 | BA20: 8.2 | BB20: 45084.41 | BC20: 8.9 | BD20: 45084.421 | BE20: 10.1 | BF20: 45084.431 | BG20: 10.7 | BH20: 45084.442 | BI20: 10.8 | BJ20: 45084.452 | BK20: 10.3 | BL20: 45084.463 | BM20: 9.3 | BN20: 45084.473 | BO20: 8.6 | BP20: 45084.483 | BQ20: 8.8 | BR20: 45084.494 | BS20: 9.8 | BT20: 45084.504 | BU20: 10.6 | BW20: {=INDEX($AC20:$BU20, 2*(COLUMN(BV20)-COLUMN($BV20))+1)} -> 12.7 | BX20: {=INDEX($AC20:$BU20, 2*(COLUMN(BW20)-COLUMN($BV20))+1)} -> 12.2 | BY20: {=INDEX($AC20:$BU20, 2*(COLUMN(BX20)-COLUMN($BV20))+1)} -> 11.4 | BZ20: {=INDEX($AC20:$BU20, 2*(COLUMN(BY20)-COLUMN($BV20))+1)} -> 11.4 | CA20: {=INDEX($AC20:$BU20, 2*(COLUMN(BZ20)-COLUMN($BV20))+1)} -> 11.3 | CB20: {=INDEX($AC20:$BU20, 2*(COLUMN(CA20)-COLUMN($BV20))+1)} -> 11.4 | CC20: {=INDEX($AC20:$BU20, 2*(COLUMN(CB20)-COLUMN($BV20))+1)} -> 12.7 | CD20: {=INDEX($AC20:$BU20, 2*(COLUMN(CC20)-COLUMN($BV20))+1)} -> 13.9 | ... CS20: {=INDEX($AC20:$BU20, 2*(COLUMN(CR20)-COLUMN($BV20))+1)} -> 10.6
A21: 225682 | B21: 正常 | D21: 45219 | E21: 45219.292 | F21: 11 | G21: 9.1 | H21: 6.3333333 | I21: 5.5666667 | J21: 5.2 | K21: 4.9 | L21: 4.8666667 | M21: 5.3 | N21: 6.1 | O21: 7 | P21: 7.9 | Q21: 8.8666667 | R21: 9.5333333 | S21: 9.7 | T21: 9.7 | U21: 170 | V21: 0.0035294118 | W21: 0 | X21: 1214.5 | Y21: 0 | Z21: 1214.5 | AA21: -1214.5 | AB21: 45219.274 | AC21: 9.6 | AD21: 45219.285 | AE21: 8.6 | AF21: 45219.295 | AG21: 7.2 | AH21: 45219.306 | AI21: 5.9 | AJ21: 45219.316 | AK21: 5.4 | AL21: 45219.326 | AM21: 5.1 | AN21: 45219.337 | AO21: 4.8 | AP21: 45219.347 | AQ21: 4.9 | AR21: 45219.358 | AS21: 5.5 | AT21: 45219.368 | AU21: 6.4 | AV21: 45219.378 | AW21: 7.3 | AX21: 45219.389 | AY21: 8.2 | AZ21: 45219.399 | BA21: 9.2 | BB21: 45219.41 | BC21: 9.7 | BD21: 45219.42 | BE21: 9.4 | BF21: 45219.431 | BG21: 9.7 | BH21: 45219.441 | BI21: 10.4 | BJ21: 45219.451 | BK21: 10.3 | BL21: 45219.462 | BM21: 10.1 | BN21: 45219.472 | BO21: 10.2 | BP21: 45219.483 | BQ21: 9.8 | BR21: 45219.493 | BS21: 9.6 | BT21: 45219.503 | BU21: 9.3 | BW21: {=INDEX($AC21:$BU21, 2*(COLUMN(BV21)-COLUMN($BV21))+1)} -> 9.6 | BX21: {=INDEX($AC21:$BU21, 2*(COLUMN(BW21)-COLUMN($BV21))+1)} -> 8.6 | BY21: {=INDEX($AC21:$BU21, 2*(COLUMN(BX21)-COLUMN($BV21))+1)} -> 7.2 | BZ21: {=INDEX($AC21:$BU21, 2*(COLUMN(BY21)-COLUMN($BV21))+1)} -> 5.9 | CA21: {=INDEX($AC21:$BU21, 2*(COLUMN(BZ21)-COLUMN($BV21))+1)} -> 5.4 | CB21: {=INDEX($AC21:$BU21, 2*(COLUMN(CA21)-COLUMN($BV21))+1)} -> 5.1 | CC21: {=INDEX($AC21:$BU21, 2*(COLUMN(CB21)-COLUMN($BV21))+1)} -> 4.8 | CD21: {=INDEX($AC21:$BU21, 2*(COLUMN(CC21)-COLUMN($BV21))+1)} -> 4.9 | ... CS21: {=INDEX($AC21:$BU21, 2*(COLUMN(CR21)-COLUMN($BV21))+1)} -> 9.3
A22: 227647 | B22: 正常 | D22: 45207 | E22: 45207.292 | F22: 11.649288 | G22: 12.8 | H22: 13.06 | I22: 13.68 | J22: 13.44 | K22: 12.7 | L22: 12.18 | M22: 11.62 | N22: 11.36 | O22: 11.6 | P22: 11.42 | Q22: 10.64 | R22: 10.4 | S22: 10.4 | T22: 13.7 | U22: 27 | V22: 0.033333333 | W22: -0.021568627 | X22: 2155.5 | Y22: 0 | Z22: 2155.5 | AA22: -2155.5 | AB22: 45207.279 | AC22: 12.8 | AD22: 45207.29 | AE22: 12.8 | AF22: 45207.3 | AG22: 12.9 | AH22: 45207.31 | AI22: 13.7 | AJ22: 45207.321 | AK22: 13.6 | AL22: 45207.331 | AM22: 12.8 | AN22: 45207.342 | AO22: 12.3 | AP22: 45207.352 | AQ22: 11.7 | AR22: 45207.363 | AS22: 11.3 | AT22: 45207.373 | AU22: 11.6 | AV22: 45207.383 | AW22: 11.6 | AX22: 45207.394 | AY22: 10.7 | AZ22: 45207.404 | BA22: 10.4 | BB22: 45207.415 | BC22: 10.4 | BD22: 45207.425 | BE22: 10.3 | BF22: 45207.435 | BG22: 10.4 | BH22: 45207.446 | BI22: 10.1 | BJ22: 45207.456 | BK22: 9.2 | BL22: 45207.467 | BM22: 8.1 | BN22: 45207.477 | BO22: 7.1 | BP22: 45207.488 | BQ22: 6.5 | BR22: 45207.498 | BS22: 6.1 | BT22: 45207.508 | BU22: 5.8 | BW22: {=INDEX($AC22:$BU22, 2*(COLUMN(BV22)-COLUMN($BV22))+1)} -> 12.8 | BX22: {=INDEX($AC22:$BU22, 2*(COLUMN(BW22)-COLUMN($BV22))+1)} -> 12.8 | BY22: {=INDEX($AC22:$BU22, 2*(COLUMN(BX22)-COLUMN($BV22))+1)} -> 12.9 | BZ22: {=INDEX($AC22:$BU22, 2*(COLUMN(BY22)-COLUMN($BV22))+1)} -> 13.7 | CA22: {=INDEX($AC22:$BU22, 2*(COLUMN(BZ22)-COLUMN($BV22))+1)} -> 13.6 | CB22: {=INDEX($AC22:$BU22, 2*(COLUMN(CA22)-COLUMN($BV22))+1)} -> 12.8 | CC22: {=INDEX($AC22:$BU22, 2*(COLUMN(CB22)-COLUMN($BV22))+1)} -> 12.3 | CD22: {=INDEX($AC22:$BU22, 2*(COLUMN(CC22)-COLUMN($BV22))+1)} -> 11.7 | ... CS22: {=INDEX($AC22:$BU22, 2*(COLUMN(CR22)-COLUMN($BV22))+1)} -> 5.8
A23: 232971 | B23: 正常 | D23: 45112 | E23: 45112.292 | F23: 15.93 | G23: 17.866667 | H23: 16.8 | I23: 16.3 | J23: 15.4 | K23: 15.3 | L23: 15.1 | M23: 13.8 | N23: 12.7 | O23: 11.7 | P23: 11.2 | Q23: 10.9 | R23: 10.2 | S23: 10 | T23: 17.2 | U23: 0 | W23: -0.04 | X23: 2450 | Y23: 0 | Z23: 2450 | AA23: -2450 | AB23: 45112.271 | AC23: 18.6 | AD23: 45112.281 | AE23: 17.8 | AF23: 45112.292 | AG23: 17.2 | AH23: 45112.302 | AI23: 16.8 | AJ23: 45112.312 | AK23: 16.3 | AL23: 45112.323 | AM23: 15.4 | AN23: 45112.333 | AO23: 15.3 | AP23: 45112.344 | AQ23: 15.1 | AR23: 45112.354 | AS23: 13.8 | AT23: 45112.365 | AU23: 12.7 | AV23: 45112.375 | AW23: 11.7 | AX23: 45112.385 | AY23: 11.2 | AZ23: 45112.396 | BA23: 10.9 | BB23: 45112.406 | BC23: 10.2 | BD23: 45112.417 | BE23: 10 | BF23: 45112.427 | BG23: 11.2 | BH23: 45112.438 | BI23: 12.5 | BJ23: 45112.448 | BK23: 13.1 | BL23: 45112.458 | BM23: 13.3 | BN23: 45112.469 | BO23: 13.4 | BP23: 45112.479 | BQ23: 13.4 | BR23: 45112.49 | BS23: 12.9 | BT23: 45112.5 | BU23: 12.6 | BW23: {=INDEX($AC23:$BU23, 2*(COLUMN(BV23)-COLUMN($BV23))+1)} -> 18.6 | BX23: {=INDEX($AC23:$BU23, 2*(COLUMN(BW23)-COLUMN($BV23))+1)} -> 17.8 | BY23: {=INDEX($AC23:$BU23, 2*(COLUMN(BX23)-COLUMN($BV23))+1)} -> 17.2 | BZ23: {=INDEX($AC23:$BU23, 2*(COLUMN(BY23)-COLUMN($BV23))+1)} -> 16.8 | CA23: {=INDEX($AC23:$BU23, 2*(COLUMN(BZ23)-COLUMN($BV23))+1)} -> 16.3 | CB23: {=INDEX($AC23:$BU23, 2*(COLUMN(CA23)-COLUMN($BV23))+1)} -> 15.4 | CC23: {=INDEX($AC23:$BU23, 2*(COLUMN(CB23)-COLUMN($BV23))+1)} -> 15.3 | CD23: {=INDEX($AC23:$BU23, 2*(COLUMN(CC23)-COLUMN($BV23))+1)} -> 15.1 | ... CS23: {=INDEX($AC23:$BU23, 2*(COLUMN(CR23)-COLUMN($BV23))+1)} -> 12.6
A24: 228821 | B24: 正常 | D24: 44347 | E24: 44347.292 | F24: 12.5 | G24: 14 | H24: 17.14 | I24: 18.846667 | J24: 19.786667 | K24: 19.686667 | L24: 19.573333 | M24: 19.32 | N24: 18.786667 | O24: 18.633333 | P24: 18.066667 | Q24: 17.133333 | R24: 16.58 | S24: 15.8 | T24: 19.8 | U24: 43 | V24: 0.13488372 | W24: -0.02919708 | X24: 3276.8 | Y24: 0 | Z24: 3276.8 | AA24: -3276.8 | AB24: 44347.28 | AC24: 13.2 | AD24: 44347.29 | AE24: 14.8 | AF24: 44347.301 | AG24: 16.9 | AH24: 44347.311 | AI24: 18.7 | AJ24: 44347.322 | AK24: 19.8 | AL24: 44347.332 | AM24: 19.7 | AN24: 44347.342 | AO24: 19.6 | AP24: 44347.353 | AQ24: 19.4 | AR24: 44347.363 | AS24: 18.8 | AT24: 44347.374 | AU24: 18.7 | AV24: 44347.384 | AW24: 18.2 | AX24: 44347.394 | AY24: 17.2 | AZ24: 44347.405 | BA24: 16.7 | BB24: 44347.415 | BC24: 15.8 | BD24: 44347.426 | BE24: 15.7 | BF24: 44347.436 | BG24: 15.2 | BH24: 44347.447 | BI24: 14.4 | BJ24: 44347.457 | BK24: 14.1 | BL24: 44347.467 | BM24: 13.7 | BN24: 44347.478 | BO24: 13.9 | BP24: 44347.488 | BQ24: 15 | BR24: 44347.499 | BS24: 17.4 | BT24: 44347.509 | BU24: 20.1 | BW24: {=INDEX($AC24:$BU24, 2*(COLUMN(BV24)-COLUMN($BV24))+1)} -> 13.2 | BX24: {=INDEX($AC24:$BU24, 2*(COLUMN(BW24)-COLUMN($BV24))+1)} -> 14.8 | BY24: {=INDEX($AC24:$BU24, 2*(COLUMN(BX24)-COLUMN($BV24))+1)} -> 16.9 | BZ24: {=INDEX($AC24:$BU24, 2*(COLUMN(BY24)-COLUMN($BV24))+1)} -> 18.7 | CA24: {=INDEX($AC24:$BU24, 2*(COLUMN(BZ24)-COLUMN($BV24))+1)} -> 19.8 | CB24: {=INDEX($AC24:$BU24, 2*(COLUMN(CA24)-COLUMN($BV24))+1)} -> 19.7 | CC24: {=INDEX($AC24:$BU24, 2*(COLUMN(CB24)-COLUMN($BV24))+1)} -> 19.6 | CD24: {=INDEX($AC24:$BU24, 2*(COLUMN(CC24)-COLUMN($BV24))+1)} -> 19.4 | ... CS24: {=INDEX($AC24:$BU24, 2*(COLUMN(CR24)-COLUMN($BV24))+1)} -> 20.1
A25: 240863 | B25: 正常 | D25: 45376 | E25: 45376.292 | F25: 13.740949 | G25: 12.3 | H25: 12.046667 | I25: 11.873333 | J25: 11.746667 | K25: 11.52 | L25: 9.5133333 | M25: 4.5466667 | N25: 4.3733333 | O25: 4.2733333 | P25: 4.1733333 | Q25: 4.1 | R25: 4.0733333 | S25: 4 | T25: 12.1 | U25: 11 | V25: -0.018181818 | W25: -0.047928994 | X25: 1355.85 | Y25: 0 | Z25: 1355.85 | AA25: -1355.85 | AB25: 45376.278 | AC25: 12.4 | AD25: 45376.289 | AE25: 12.2 | AF25: 45376.299 | AG25: 12.1 | AH25: 45376.31 | AI25: 11.9 | AJ25: 45376.32 | AK25: 11.8 | AL25: 45376.331 | AM25: 11.6 | AN25: 45376.341 | AO25: 11.3 | AP25: 45376.351 | AQ25: 4.6 | AR25: 45376.362 | AS25: 4.4 | AT25: 45376.372 | AU25: 4.3 | AV25: 45376.383 | AW25: 4.2 | AX25: 45376.393 | AY25: 4.1 | AZ25: 45376.403 | BA25: 4.1 | BB25: 45376.414 | BC25: 4 | BD25: 45376.424 | BE25: 3.9 | BF25: 45376.435 | BG25: 3.9 | BH25: 45376.445 | BI25: 3.8 | BJ25: 45376.456 | BK25: 4.8 | BL25: 45376.466 | BM25: 5.9 | BN25: 45376.476 | BO25: 5.7 | BP25: 45376.487 | BQ25: 5.6 | BR25: 45376.497 | BS25: 5.8 | BT25: 45376.508 | BU25: 5.6 | BW25: {=INDEX($AC25:$BU25, 2*(COLUMN(BV25)-COLUMN($BV25))+1)} -> 12.4 | BX25: {=INDEX($AC25:$BU25, 2*(COLUMN(BW25)-COLUMN($BV25))+1)} -> 12.2 | BY25: {=INDEX($AC25:$BU25, 2*(COLUMN(BX25)-COLUMN($BV25))+1)} -> 12.1 | BZ25: {=INDEX($AC25:$BU25, 2*(COLUMN(BY25)-COLUMN($BV25))+1)} -> 11.9 | CA25: {=INDEX($AC25:$BU25, 2*(COLUMN(BZ25)-COLUMN($BV25))+1)} -> 11.8 | CB25: {=INDEX($AC25:$BU25, 2*(COLUMN(CA25)-COLUMN($BV25))+1)} -> 11.6 | CC25: {=INDEX($AC25:$BU25, 2*(COLUMN(CB25)-COLUMN($BV25))+1)} -> 11.3 | CD25: {=INDEX($AC25:$BU25, 2*(COLUMN(CC25)-COLUMN($BV25))+1)} -> 4.6 | ... CS25: {=INDEX($AC25:$BU25, 2*(COLUMN(CR25)-COLUMN($BV25))+1)} -> 5.6
A26: 228411 | B26: 正常 | D26: 45030 | E26: 45030.292 | F26: 12.4 | G26: 11.1 | H26: 12.38 | I26: 14.28 | J26: 16.4 | K26: 18.04 | L26: 19.1 | M26: 20.3 | N26: 21.92 | O26: 23.56 | P26: 24.56 | Q26: 24.04 | R26: 21.98 | S26: 20.6 | T26: 24.8 | U26: 144 | V26: 0.095138889 | W26: -0.11666667 | X26: 3486.15 | Y26: 0 | Z26: 3486.15 | AA26: -3486.15 | AB26: 45030.277 | AC26: 11.3 | AD26: 45030.287 | AE26: 10.9 | AF26: 45030.298 | AG26: 11.7 | AH26: 45030.308 | AI26: 13.4 | AJ26: 45030.319 | AK26: 15.6 | AL26: 45030.329 | AM26: 17.6 | AN26: 45030.34 | AO26: 18.7 | AP26: 45030.35 | AQ26: 19.7 | AR26: 45030.36 | AS26: 21.2 | AT26: 45030.371 | AU26: 23 | AV26: 45030.381 | AW26: 24.4 | AX26: 45030.392 | AY26: 24.8 | AZ26: 45030.402 | BA26: 22.9 | BB26: 45030.412 | BC26: 20.6 | BD26: 45030.423 | BE26: 18.4 | BF26: 45030.433 | BG26: 16.1 | BH26: 45030.444 | BI26: 14.1 | BJ26: 45030.454 | BK26: 12.8 | BL26: 45030.465 | BM26: 11.6 | BN26: 45030.475 | BO26: 9.7 | BP26: 45030.485 | BQ26: 7.8 | BR26: 45030.496 | BS26: 6.5 | BT26: 45030.506 | BU26: 6.7 | BW26: {=INDEX($AC26:$BU26, 2*(COLUMN(BV26)-COLUMN($BV26))+1)} -> 11.3 | BX26: {=INDEX($AC26:$BU26, 2*(COLUMN(BW26)-COLUMN($BV26))+1)} -> 10.9 | BY26: {=INDEX($AC26:$BU26, 2*(COLUMN(BX26)-COLUMN($BV26))+1)} -> 11.7 | BZ26: {=INDEX($AC26:$BU26, 2*(COLUMN(BY26)-COLUMN($BV26))+1)} -> 13.4 | CA26: {=INDEX($AC26:$BU26, 2*(COLUMN(BZ26)-COLUMN($BV26))+1)} -> 15.6 | CB26: {=INDEX($AC26:$BU26, 2*(COLUMN(CA26)-COLUMN($BV26))+1)} -> 17.6 | CC26: {=INDEX($AC26:$BU26, 2*(COLUMN(CB26)-COLUMN($BV26))+1)} -> 18.7 | CD26: {=INDEX($AC26:$BU26, 2*(COLUMN(CC26)-COLUMN($BV26))+1)} -> 19.7 | ... CS26: {=INDEX($AC26:$BU26, 2*(COLUMN(CR26)-COLUMN($BV26))+1)} -> 6.7
A27: 234632 | B27: 正常 | D27: 45206 | E27: 45206.292 | F27: 12.99 | G27: 11.5 | H27: 10.48 | I27: 9.92 | J27: 9.72 | K27: 10.18 | L27: 10.14 | M27: 9.14 | N27: 8.34 | O27: 8.52 | P27: 9.24 | Q27: 9.4 | R27: 8.6 | S27: 8.4 | T27: 10.8 | U27: 3 | V27: -0.23333333 | W27: -0.013559322 | X27: 1704.45 | Y27: 0 | Z27: 1704.45 | AA27: -1704.45 | AB27: 45206.273 | AC27: 11.9 | AD27: 45206.283 | AE27: 11.1 | AF27: 45206.294 | AG27: 10.8 | AH27: 45206.304 | AI27: 10.4 | AJ27: 45206.315 | AK27: 9.8 | AL27: 45206.325 | AM27: 9.7 | AN27: 45206.335 | AO27: 10.3 | AP27: 45206.346 | AQ27: 10.1 | AR27: 45206.356 | AS27: 8.9 | AT27: 45206.367 | AU27: 8.2 | AV27: 45206.377 | AW27: 8.6 | AX27: 45206.387 | AY27: 9.4 | AZ27: 45206.398 | BA27: 9.4 | BB27: 45206.408 | BC27: 8.4 | BD27: 45206.419 | BE27: 7 | BF27: 45206.429 | BG27: 6.1 | BH27: 45206.44 | BI27: 6.1 | BJ27: 45206.45 | BK27: 6.6 | BL27: 45206.46 | BM27: 7.2 | BN27: 45206.471 | BO27: 7.1 | BP27: 45206.481 | BQ27: 6.7 | BR27: 45206.492 | BS27: 6.1 | BT27: 45206.502 | BU27: 5.8 | BW27: {=INDEX($AC27:$BU27, 2*(COLUMN(BV27)-COLUMN($BV27))+1)} -> 11.9 | BX27: {=INDEX($AC27:$BU27, 2*(COLUMN(BW27)-COLUMN($BV27))+1)} -> 11.1 | BY27: {=INDEX($AC27:$BU27, 2*(COLUMN(BX27)-COLUMN($BV27))+1)} -> 10.8 | BZ27: {=INDEX($AC27:$BU27, 2*(COLUMN(BY27)-COLUMN($BV27))+1)} -> 10.4 | CA27: {=INDEX($AC27:$BU27, 2*(COLUMN(BZ27)-COLUMN($BV27))+1)} -> 9.8 | CB27: {=INDEX($AC27:$BU27, 2*(COLUMN(CA27)-COLUMN($BV27))+1)} -> 9.7 | CC27: {=INDEX($AC27:$BU27, 2*(COLUMN(CB27)-COLUMN($BV27))+1)} -> 10.3 | CD27: {=INDEX($AC27:$BU27, 2*(COLUMN(CC27)-COLUMN($BV27))+1)} -> 10.1 | ... CS27: {=INDEX($AC27:$BU27, 2*(COLUMN(CR27)-COLUMN($BV27))+1)} -> 5.8
A28: 244505 | B28: 正常 | D28: 45288 | E28: 45288.292 | F28: 8.4199219 | G28: 6.5 | H28: 5.46 | I28: 4.9 | J28: 4.76 | K28: 5.76 | L28: 7.62 | M28: 9.06 | N28: 9.96 | O28: 10.82 | P28: 11.5 | Q28: 11.84 | R28: 11.62 | S28: 11.2 | T28: 11.9 | U28: 159 | V28: 0.033962264 | W28: -0.033333333 | X28: 1532.25 | Y28: 0 | Z28: 1532.25 | AA28: -1532.25 | AB28: 45288.277 | AC28: 6.7 | AD28: 45288.287 | AE28: 6.3 | AF28: 45288.298 | AG28: 5.7 | AH28: 45288.308 | AI28: 5.1 | AJ28: 45288.319 | AK28: 4.6 | AL28: 45288.329 | AM28: 5 | AN28: 45288.34 | AO28: 6.9 | AP28: 45288.35 | AQ28: 8.7 | AR28: 45288.36 | AS28: 9.6 | AT28: 45288.371 | AU28: 10.5 | AV28: 45288.381 | AW28: 11.3 | AX28: 45288.392 | AY28: 11.8 | AZ28: 45288.402 | BA28: 11.9 | BB28: 45288.412 | BC28: 11.2 | BD28: 45288.423 | BE28: 10.2 | BF28: 45288.433 | BG28: 10.1 | BH28: 45288.444 | BI28: 10.1 | BJ28: 45288.454 | BK28: 9.5 | BL28: 45288.465 | BM28: 8.9 | BN28: 45288.475 | BO28: 8.1 | BP28: 45288.485 | BQ28: 7.3 | BR28: 45288.496 | BS28: 6.7 | BT28: 45288.506 | BU28: 6.2 | BW28: {=INDEX($AC28:$BU28, 2*(COLUMN(BV28)-COLUMN($BV28))+1)} -> 6.7 | BX28: {=INDEX($AC28:$BU28, 2*(COLUMN(BW28)-COLUMN($BV28))+1)} -> 6.3 | BY28: {=INDEX($AC28:$BU28, 2*(COLUMN(BX28)-COLUMN($BV28))+1)} -> 5.7 | BZ28: {=INDEX($AC28:$BU28, 2*(COLUMN(BY28)-COLUMN($BV28))+1)} -> 5.1 | CA28: {=INDEX($AC28:$BU28, 2*(COLUMN(BZ28)-COLUMN($BV28))+1)} -> 4.6 | CB28: {=INDEX($AC28:$BU28, 2*(COLUMN(CA28)-COLUMN($BV28))+1)} -> 5 | CC28: {=INDEX($AC28:$BU28, 2*(COLUMN(CB28)-COLUMN($BV28))+1)} -> 6.9 | CD28: {=INDEX($AC28:$BU28, 2*(COLUMN(CC28)-COLUMN($BV28))+1)} -> 8.7 | ... CS28: {=INDEX($AC28:$BU28, 2*(COLUMN(CR28)-COLUMN($BV28))+1)} -> 6.2
A29: 237948 | B29: 正常 | D29: 44357 | E29: 44357.292 | F29: 8.04 | G29: 5.6 | H29: 9.3266667 | I29: 11.146667 | J29: 12.066667 | K29: 12.086667 | L29: 11.526667 | M29: 11.84 | N29: 13.253333 | O29: 13.52 | P29: 11.66 | Q29: 9.0133333 | R29: 6.9466667 | S29: 6.2 | T29: 14 | U29: 112 | V29: 0.075 | W29: -0.11470588 | X29: 1924.3 | Y29: 0 | Z29: 1924.3 | AA29: -1924.3 | AB29: 44357.276 | AC29: 5.3 | AD29: 44357.286 | AE29: 5.9 | AF29: 44357.297 | AG29: 8.1 | AH29: 44357.307 | AI29: 10.4 | AJ29: 44357.317 | AK29: 11.8 | AL29: 44357.328 | AM29: 12.3 | AN29: 44357.338 | AO29: 11.9 | AP29: 44357.349 | AQ29: 11.2 | AR29: 44357.359 | AS29: 12.4 | AT29: 44357.369 | AU29: 14 | AV29: 44357.38 | AW29: 13.1 | AX29: 44357.39 | AY29: 10.4 | AZ29: 44357.401 | BA29: 7.8 | BB29: 44357.411 | BC29: 6.2 | BD29: 44357.422 | BE29: 5.1 | BF29: 44357.432 | BG29: 4.1 | BH29: 44357.442 | BI29: 3.6 | BJ29: 44357.453 | BK29: 3.9 | BL29: 44357.463 | BM29: 5.2 | BN29: 44357.474 | BO29: 5.8 | BP29: 44357.484 | BQ29: 5.8 | BR29: 44357.494 | BS29: 6.1 | BT29: 44357.505 | BU29: 6.6 | BW29: {=INDEX($AC29:$BU29, 2*(COLUMN(BV29)-COLUMN($BV29))+1)} -> 5.3 | BX29: {=INDEX($AC29:$BU29, 2*(COLUMN(BW29)-COLUMN($BV29))+1)} -> 5.9 | BY29: {=INDEX($AC29:$BU29, 2*(COLUMN(BX29)-COLUMN($BV29))+1)} -> 8.1 | BZ29: {=INDEX($AC29:$BU29, 2*(COLUMN(BY29)-COLUMN($BV29))+1)} -> 10.4 | CA29: {=INDEX($AC29:$BU29, 2*(COLUMN(BZ29)-COLUMN($BV29))+1)} -> 11.8 | CB29: {=INDEX($AC29:$BU29, 2*(COLUMN(CA29)-COLUMN($BV29))+1)} -> 12.3 | CC29: {=INDEX($AC29:$BU29, 2*(COLUMN(CB29)-COLUMN($BV29))+1)} -> 11.9 | CD29: {=INDEX($AC29:$BU29, 2*(COLUMN(CC29)-COLUMN($BV29))+1)} -> 11.2 | ... CS29: {=INDEX($AC29:$BU29, 2*(COLUMN(CR29)-COLUMN($BV29))+1)} -> 6.6
A30: 238967 | B30: 正常 | D30: 44546 | E30: 44546.292 | F30: 16.44 | G30: 15.4 | H30: 19.26 | I30: 21.5 | J30: 23.34 | K30: 24.44 | L30: 25.06 | M30: 25.22 | N30: 24.7 | O30: 23.56 | P30: 21.84 | Q30: 20.14 | R30: 18.86 | S30: 17.9 | T30: 25.3 | U30: 87 | V30: 0.1137931 | W30: -0.079569892 | X30: 3968.55 | Y30: 0 | Z30: 3968.55 | AA30: -3968.55 | AB30: 44546.279 | AC30: 14.4 | AD30: 44546.29 | AE30: 16.4 | AF30: 44546.3 | AG30: 18.8 | AH30: 44546.31 | AI30: 21.1 | AJ30: 44546.321 | AK30: 23.1 | AL30: 44546.331 | AM30: 24.3 | AN30: 44546.342 | AO30: 25 | AP30: 44546.352 | AQ30: 25.3 | AR30: 44546.363 | AS30: 24.9 | AT30: 44546.373 | AU30: 23.9 | AV30: 44546.383 | AW30: 22.2 | AX30: 44546.394 | AY30: 20.4 | AZ30: 44546.404 | BA30: 19.1 | BB30: 44546.415 | BC30: 17.9 | BD30: 44546.425 | BE30: 16.8 | BF30: 44546.435 | BG30: 16.6 | BH30: 44546.446 | BI30: 17.2 | BJ30: 44546.456 | BK30: 17.2 | BL30: 44546.467 | BM30: 16.4 | BN30: 44546.477 | BO30: 16.5 | BP30: 44546.488 | BQ30: 17.4 | BR30: 44546.498 | BS30: 17.9 | BT30: 44546.508 | BU30: 17.8 | BW30: {=INDEX($AC30:$BU30, 2*(COLUMN(BV30)-COLUMN($BV30))+1)} -> 14.4 | BX30: {=INDEX($AC30:$BU30, 2*(COLUMN(BW30)-COLUMN($BV30))+1)} -> 16.4 | BY30: {=INDEX($AC30:$BU30, 2*(COLUMN(BX30)-COLUMN($BV30))+1)} -> 18.8 | BZ30: {=INDEX($AC30:$BU30, 2*(COLUMN(BY30)-COLUMN($BV30))+1)} -> 21.1 | CA30: {=INDEX($AC30:$BU30, 2*(COLUMN(BZ30)-COLUMN($BV30))+1)} -> 23.1 | CB30: {=INDEX($AC30:$BU30, 2*(COLUMN(CA30)-COLUMN($BV30))+1)} -> 24.3 | CC30: {=INDEX($AC30:$BU30, 2*(COLUMN(CB30)-COLUMN($BV30))+1)} -> 25 | CD30: {=INDEX($AC30:$BU30, 2*(COLUMN(CC30)-COLUMN($BV30))+1)} -> 25.3 | ... CS30: {=INDEX($AC30:$BU30, 2*(COLUMN(CR30)-COLUMN($BV30))+1)} -> 17.8
A31: 251777 | B31: 正常 | D31: 45387 | E31: 45387.292 | F31: 9.9879559 | G31: 11.75 | H31: 11.626667 | I31: 11.6 | J31: 11.88 | K31: 11.62 | L31: 10.666667 | M31: 10.04 | N31: 10.186667 | O31: 10.106667 | P31: 9.3533333 | Q31: 8.3666667 | R31: 7.9266667 | S31: 7.9 | T31: 12 | U31: 1 | V31: 0.25 | W31: -0.022905028 | X31: 1847.975 | Y31: 0 | Z31: 1847.975 | AA31: -1847.975 | AB31: 45387.272 | AC31: 11.7 | AD31: 45387.282 | AE31: 11.8 | AF31: 45387.292 | AG31: 12 | AH31: 45387.303 | AI31: 11.6 | AJ31: 45387.313 | AK31: 11.6 | AL31: 45387.324 | AM31: 11.9 | AN31: 45387.334 | AO31: 11.6 | AP31: 45387.344 | AQ31: 10.6 | AR31: 45387.355 | AS31: 10 | AT31: 45387.365 | AU31: 10.2 | AV31: 45387.376 | AW31: 10.1 | AX31: 45387.386 | AY31: 9.3 | AZ31: 45387.397 | BA31: 8.3 | BB31: 45387.407 | BC31: 7.9 | BD31: 45387.417 | BE31: 7.9 | BF31: 45387.428 | BG31: 7.2 | BH31: 45387.438 | BI31: 6.6 | BJ31: 45387.449 | BK31: 6.5 | BL31: 45387.459 | BM31: 6.7 | BN31: 45387.469 | BO31: 6.7 | BP31: 45387.48 | BQ31: 6.6 | BR31: 45387.49 | BS31: 6.6 | BT31: 45387.501 | BU31: 6.9 | BW31: {=INDEX($AC31:$BU31, 2*(COLUMN(BV31)-COLUMN($BV31))+1)} -> 11.7 | BX31: {=INDEX($AC31:$BU31, 2*(COLUMN(BW31)-COLUMN($BV31))+1)} -> 11.8 | BY31: {=INDEX($AC31:$BU31, 2*(COLUMN(BX31)-COLUMN($BV31))+1)} -> 12 | BZ31: {=INDEX($AC31:$BU31, 2*(COLUMN(BY31)-COLUMN($BV31))+1)} -> 11.6 | CA31: {=INDEX($AC31:$BU31, 2*(COLUMN(BZ31)-COLUMN($BV31))+1)} -> 11.6 | CB31: {=INDEX($AC31:$BU31, 2*(COLUMN(CA31)-COLUMN($BV31))+1)} -> 11.9 | CC31: {=INDEX($AC31:$BU31, 2*(COLUMN(CB31)-COLUMN($BV31))+1)} -> 11.6 | CD31: {=INDEX($AC31:$BU31, 2*(COLUMN(CC31)-COLUMN($BV31))+1)} -> 10.6 | ... CS31: {=INDEX($AC31:$BU31, 2*(COLUMN(CR31)-COLUMN($BV31))+1)} -> 6.9
A32: 252375 | B32: 正常 | D32: 45163 | E32: 45163.292 | F32: 9.87 | G32: 7.75 | H32: 7.94 | I32: 7.82 | J32: 7.4 | K32: 6.66 | L32: 6.26 | M32: 5.8 | N32: 5.06 | O32: 4.18 | P32: 3.6 | Q32: 3.26 | R32: 3.12 | S32: 3.1 | T32: 8.1 | U32: 3 | V32: 0.11666667 | W32: -0.028248588 | X32: 997.875 | Y32: 0 | Z32: 997.875 | AA32: -997.875 | AB32: 45163.273 | AC32: 7.6 | AD32: 45163.283 | AE32: 7.9 | AF32: 45163.294 | AG32: 8.1 | AH32: 45163.304 | AI32: 7.9 | AJ32: 45163.315 | AK32: 7.8 | AL32: 45163.325 | AM32: 7.3 | AN32: 45163.335 | AO32: 6.5 | AP32: 45163.346 | AQ32: 6.2 | AR32: 45163.356 | AS32: 5.7 | AT32: 45163.367 | AU32: 4.9 | AV32: 45163.377 | AW32: 4 | AX32: 45163.387 | AY32: 3.5 | AZ32: 45163.398 | BA32: 3.2 | BB32: 45163.408 | BC32: 3.1 | BD32: 45163.419 | BE32: 3 | BF32: 45163.429 | BG32: 2.8 | BH32: 45163.44 | BI32: 2.8 | BJ32: 45163.45 | BK32: 3.2 | BL32: 45163.46 | BM32: 3.6 | BN32: 45163.471 | BO32: 3.7 | BP32: 45163.481 | BQ32: 3.8 | BR32: 45163.492 | BS32: 3.8 | BT32: 45163.502 | BU32: 3.8 | BW32: {=INDEX($AC32:$BU32, 2*(COLUMN(BV32)-COLUMN($BV32))+1)} -> 7.6 | BX32: {=INDEX($AC32:$BU32, 2*(COLUMN(BW32)-COLUMN($BV32))+1)} -> 7.9 | BY32: {=INDEX($AC32:$BU32, 2*(COLUMN(BX32)-COLUMN($BV32))+1)} -> 8.1 | BZ32: {=INDEX($AC32:$BU32, 2*(COLUMN(BY32)-COLUMN($BV32))+1)} -> 7.9 | CA32: {=INDEX($AC32:$BU32, 2*(COLUMN(BZ32)-COLUMN($BV32))+1)} -> 7.8 | CB32: {=INDEX($AC32:$BU32, 2*(COLUMN(CA32)-COLUMN($BV32))+1)} -> 7.3 | CC32: {=INDEX($AC32:$BU32, 2*(COLUMN(CB32)-COLUMN($BV32))+1)} -> 6.5 | CD32: {=INDEX($AC32:$BU32, 2*(COLUMN(CC32)-COLUMN($BV32))+1)} -> 6.2 | ... CS32: {=INDEX($AC32:$BU32, 2*(COLUMN(CR32)-COLUMN($BV32))+1)} -> 3.8
A33: 254965 | B33: 正常 | D33: 45272 | E33: 45272.292 | F33: 7.98 | G33: 9.4 | H33: 9.28 | I33: 8.98 | J33: 8.6733333 | K33: 8.2666667 | L33: 7.7666667 | M33: 7.2733333 | N33: 6.88 | O33: 6.5866667 | P33: 6.4266667 | Q33: 6.8533333 | R33: 7.62 | S33: 7.9 | T33: 9.3 | U33: 14 | V33: -0.0071428571 | W33: -0.0084337349 | X33: 1398.85 | Y33: 0 | Z33: 1398.85 | AA33: -1398.85 | AB33: 45272.281 | AC33: 9.4 | AD33: 45272.291 | AE33: 9.4 | AF33: 45272.301 | AG33: 9.3 | AH33: 45272.312 | AI33: 9 | AJ33: 45272.322 | AK33: 8.7 | AL33: 45272.333 | AM33: 8.3 | AN33: 45272.343 | AO33: 7.8 | AP33: 45272.353 | AQ33: 7.3 | AR33: 45272.364 | AS33: 6.9 | AT33: 45272.374 | AU33: 6.6 | AV33: 45272.385 | AW33: 6.4 | AX33: 45272.395 | AY33: 6.8 | AZ33: 45272.406 | BA33: 7.6 | BB33: 45272.416 | BC33: 7.9 | BD33: 45272.426 | BE33: 7.8 | BF33: 45272.437 | BG33: 7.8 | BH33: 45272.447 | BI33: 7.8 | BJ33: 45272.458 | BK33: 7.9 | BL33: 45272.468 | BM33: 8.3 | BN33: 45272.478 | BO33: 8.8 | BP33: 45272.489 | BQ33: 9.2 | BR33: 45272.499 | BS33: 9.4 | BT33: 45272.51 | BU33: 9.3 | BW33: {=INDEX($AC33:$BU33, 2*(COLUMN(BV33)-COLUMN($BV33))+1)} -> 9.4 | BX33: {=INDEX($AC33:$BU33, 2*(COLUMN(BW33)-COLUMN($BV33))+1)} -> 9.4 | BY33: {=INDEX($AC33:$BU33, 2*(COLUMN(BX33)-COLUMN($BV33))+1)} -> 9.3 | BZ33: {=INDEX($AC33:$BU33, 2*(COLUMN(BY33)-COLUMN($BV33))+1)} -> 9 | CA33: {=INDEX($AC33:$BU33, 2*(COLUMN(BZ33)-COLUMN($BV33))+1)} -> 8.7 | CB33: {=INDEX($AC33:$BU33, 2*(COLUMN(CA33)-COLUMN($BV33))+1)} -> 8.3 | CC33: {=INDEX($AC33:$BU33, 2*(COLUMN(CB33)-COLUMN($BV33))+1)} -> 7.8 | CD33: {=INDEX($AC33:$BU33, 2*(COLUMN(CC33)-COLUMN($BV33))+1)} -> 7.3 | ... CS33: {=INDEX($AC33:$BU33, 2*(COLUMN(CR33)-COLUMN($BV33))+1)} -> 9.3
A34: 264903 | B34: 正常 | D34: 45155 | E34: 45155.292 | F34: 11.86 | G34: 10.25 | H34: 9.5266667 | I34: 8.8066667 | J34: 8.2666667 | K34: 8.1133333 | L34: 7.9266667 | M34: 7.8133333 | N34: 7.8 | O34: 7.7133333 | P34: 7.3533333 | Q34: 7.4733333 | R34: 8.4533333 | S34: 8.6 | T34: 9.7 | U34: 2 | V34: -0.275 | W34: -0.0061797753 | X34: 1480.075 | Y34: 0 | Z34: 1480.075 | AA34: -1480.075 | AB34: 45155.272 | AC34: 10.6 | AD34: 45155.283 | AE34: 9.9 | AF34: 45155.293 | AG34: 9.7 | AH34: 45155.303 | AI34: 9.5 | AJ34: 45155.314 | AK34: 8.7 | AL34: 45155.324 | AM34: 8.2 | AN34: 45155.335 | AO34: 8.1 | AP34: 45155.345 | AQ34: 7.9 | AR34: 45155.356 | AS34: 7.8 | AT34: 45155.366 | AU34: 7.8 | AV34: 45155.376 | AW34: 7.7 | AX34: 45155.387 | AY34: 7.3 | AZ34: 45155.397 | BA34: 7.5 | BB34: 45155.408 | BC34: 8.6 | BD34: 45155.418 | BE34: 9.6 | BF34: 45155.428 | BG34: 10.2 | BH34: 45155.439 | BI34: 10.4 | BJ34: 45155.449 | BK34: 10.2 | BL34: 45155.46 | BM34: 10.3 | BN34: 45155.47 | BO34: 10.2 | BP34: 45155.481 | BQ34: 9.7 | BR34: 45155.491 | BS34: 9.7 | BT34: 45155.501 | BU34: 10.1 | BW34: {=INDEX($AC34:$BU34, 2*(COLUMN(BV34)-COLUMN($BV34))+1)} -> 10.6 | BX34: {=INDEX($AC34:$BU34, 2*(COLUMN(BW34)-COLUMN($BV34))+1)} -> 9.9 | BY34: {=INDEX($AC34:$BU34, 2*(COLUMN(BX34)-COLUMN($BV34))+1)} -> 9.7 | BZ34: {=INDEX($AC34:$BU34, 2*(COLUMN(BY34)-COLUMN($BV34))+1)} -> 9.5 | CA34: {=INDEX($AC34:$BU34, 2*(COLUMN(BZ34)-COLUMN($BV34))+1)} -> 8.7 | CB34: {=INDEX($AC34:$BU34, 2*(COLUMN(CA34)-COLUMN($BV34))+1)} -> 8.2 | CC34: {=INDEX($AC34:$BU34, 2*(COLUMN(CB34)-COLUMN($BV34))+1)} -> 8.1 | CD34: {=INDEX($AC34:$BU34, 2*(COLUMN(CC34)-COLUMN($BV34))+1)} -> 7.9 | ... CS34: {=INDEX($AC34:$BU34, 2*(COLUMN(CR34)-COLUMN($BV34))+1)} -> 10.1
A35: 265790 | B35: 正常 | D35: 45107 | E35: 45107.292 | F35: 9.7026521 | G35: 9.85 | H35: 9.2133333 | I35: 8.7666667 | J35: 8.2666667 | K35: 8.5466667 | L35: 9.9866667 | M35: 11.933333 | N35: 13.5 | O35: 13.353333 | P35: 11.826667 | Q35: 10.646667 | R35: 10.76 | S35: 10.8 | T35: 13.7 | U35: 107 | V35: 0.035981308 | W35: -0.039726027 | X35: 1906.875 | Y35: 0 | Z35: 1906.875 | AA35: -1906.875 | AB35: 45107.272 | AC35: 10 | AD35: 45107.283 | AE35: 9.7 | AF35: 45107.293 | AG35: 9.3 | AH35: 45107.303 | AI35: 9.2 | AJ35: 45107.314 | AK35: 8.7 | AL35: 45107.324 | AM35: 8.2 | AN35: 45107.335 | AO35: 8.6 | AP35: 45107.345 | AQ35: 10.2 | AR35: 45107.356 | AS35: 12.2 | AT35: 45107.366 | AU35: 13.7 | AV35: 45107.376 | AW35: 13.3 | AX35: 45107.387 | AY35: 11.6 | AZ35: 45107.397 | BA35: 10.5 | BB35: 45107.408 | BC35: 10.8 | BD35: 45107.418 | BE35: 11.2 | BF35: 45107.428 | BG35: 11.3 | BH35: 45107.439 | BI35: 10.8 | BJ35: 45107.449 | BK35: 9.4 | BL35: 45107.46 | BM35: 8.2 | BN35: 45107.47 | BO35: 7.2 | BP35: 45107.481 | BQ35: 6.4 | BR35: 45107.491 | BS35: 6 | BT35: 45107.501 | BU35: 6.3 | BW35: {=INDEX($AC35:$BU35, 2*(COLUMN(BV35)-COLUMN($BV35))+1)} -> 10 | BX35: {=INDEX($AC35:$BU35, 2*(COLUMN(BW35)-COLUMN($BV35))+1)} -> 9.7 | BY35: {=INDEX($AC35:$BU35, 2*(COLUMN(BX35)-COLUMN($BV35))+1)} -> 9.3 | BZ35: {=INDEX($AC35:$BU35, 2*(COLUMN(BY35)-COLUMN($BV35))+1)} -> 9.2 | CA35: {=INDEX($AC35:$BU35, 2*(COLUMN(BZ35)-COLUMN($BV35))+1)} -> 8.7 | CB35: {=INDEX($AC35:$BU35, 2*(COLUMN(CA35)-COLUMN($BV35))+1)} -> 8.2 | CC35: {=INDEX($AC35:$BU35, 2*(COLUMN(CB35)-COLUMN($BV35))+1)} -> 8.6 | CD35: {=INDEX($AC35:$BU35, 2*(COLUMN(CC35)-COLUMN($BV35))+1)} -> 10.2 | ... CS35: {=INDEX($AC35:$BU35, 2*(COLUMN(CR35)-COLUMN($BV35))+1)} -> 6.3
... A162: 586006 | B162: 正常 | D162: 45132 | E162: 45132.292 | F162: 15.27 | G162: 13.55 | H162: 13.62 | I162: 12.853333 | J162: 12.613333 | K162: 12.6 | L162: 12.32 | M162: 12.393333 | N162: 12.773333 | O162: 12.613333 | P162: 12.413333 | Q162: 12.213333 | R162: 11.826667 | S162: 11.8 | T162: 13.9 | U162: 1 | V162: 0.35 | W162: -0.011731844 | X162: 2263.725 | Y162: 0 | Z162: 2263.725 | AA162: -2263.725 | AB162: 45132.272 | AC162: 13.3 | AD162: 45132.282 | AE162: 13.8 | AF162: 45132.292 | AG162: 13.9 | AH162: 45132.303 | AI162: 13.6 | AJ162: 45132.313 | AK162: 12.8 | AL162: 45132.324 | AM162: 12.6 | AN162: 45132.334 | AO162: 12.6 | AP162: 45132.344 | AQ162: 12.3 | AR162: 45132.355 | AS162: 12.4 | AT162: 45132.365 | AU162: 12.8 | AV162: 45132.376 | AW162: 12.6 | AX162: 45132.386 | AY162: 12.4 | AZ162: 45132.397 | BA162: 12.2 | BB162: 45132.407 | BC162: 11.8 | BD162: 45132.417 | BE162: 11.6 | BF162: 45132.428 | BG162: 11.4 | BH162: 45132.438 | BI162: 11.4 | BJ162: 45132.449 | BK162: 11.3 | BL162: 45132.459 | BM162: 11.3 | BN162: 45132.469 | BO162: 10.9 | BP162: 45132.48 | BQ162: 10.2 | BR162: 45132.49 | BS162: 9.6 | BT162: 45132.501 | BU162: 9.1 | BW162: {=INDEX($AC162:$BU162, 2*(COLUMN(BV162)-COLUMN($BV162))+1)} -> 13.3 | BX162: {=INDEX($AC162:$BU162, 2*(COLUMN(BW162)-COLUMN($BV162))+1)} -> 13.8 | BY162: {=INDEX($AC162:$BU162, 2*(COLUMN(BX162)-COLUMN($BV162))+1)} -> 13.9 | BZ162: {=INDEX($AC162:$BU162, 2*(COLUMN(BY162)-COLUMN($BV162))+1)} -> 13.6 | CA162: {=INDEX($AC162:$BU162, 2*(COLUMN(BZ162)-COLUMN($BV162))+1)} -> 12.8 | CB162: {=INDEX($AC162:$BU162, 2*(COLUMN(CA162)-COLUMN($BV162))+1)} -> 12.6 | CC162: {=INDEX($AC162:$BU162, 2*(COLUMN(CB162)-COLUMN($BV162))+1)} -> 12.6 | CD162: {=INDEX($AC162:$BU162, 2*(COLUMN(CC162)-COLUMN($BV162))+1)} -> 12.3 | ... CS162: {=INDEX($AC162:$BU162, 2*(COLUMN(CR162)-COLUMN($BV162))+1)} -> 9.1
A163: 587845 | B163: 正常 | D163: 45156 | E163: 45156.292 | F163: 8.1 | G163: 8.1666667 | H163: 8.2 | I163: 7.9 | J163: 7.6 | K163: 7.2 | L163: 7.2 | M163: 7.3 | N163: 7.7 | O163: 8.1 | P163: 8.1 | Q163: 4.8 | R163: 5.2 | S163: 5.4 | T163: 8.2 | U163: 0 | W163: -0.015555556 | X163: 1291.25 | Y163: 0 | Z163: 1291.25 | AA163: -1291.25 | AB163: 45156.271 | AC163: 8.2 | AD163: 45156.281 | AE163: 8.1 | AF163: 45156.292 | AG163: 8.2 | AH163: 45156.302 | AI163: 8.2 | AJ163: 45156.312 | AK163: 7.9 | AL163: 45156.323 | AM163: 7.6 | AN163: 45156.333 | AO163: 7.2 | AP163: 45156.344 | AQ163: 7.2 | AR163: 45156.354 | AS163: 7.3 | AT163: 45156.365 | AU163: 7.7 | AV163: 45156.375 | AW163: 8.1 | AX163: 45156.385 | AY163: 8.1 | AZ163: 45156.396 | BA163: 4.8 | BB163: 45156.406 | BC163: 5.2 | BD163: 45156.417 | BE163: 5.4 | BF163: 45156.427 | BG163: 5.2 | BH163: 45156.438 | BI163: 5.1 | BJ163: 45156.448 | BK163: 5.3 | BL163: 45156.458 | BM163: 5.3 | BN163: 45156.469 | BO163: 5.4 | BP163: 45156.479 | BQ163: 5.3 | BR163: 45156.49 | BS163: 5.3 | BT163: 45156.5 | BU163: 5.3 | BW163: {=INDEX($AC163:$BU163, 2*(COLUMN(BV163)-COLUMN($BV163))+1)} -> 8.2 | BX163: {=INDEX($AC163:$BU163, 2*(COLUMN(BW163)-COLUMN($BV163))+1)} -> 8.1 | BY163: {=INDEX($AC163:$BU163, 2*(COLUMN(BX163)-COLUMN($BV163))+1)} -> 8.2 | BZ163: {=INDEX($AC163:$BU163, 2*(COLUMN(BY163)-COLUMN($BV163))+1)} -> 8.2 | CA163: {=INDEX($AC163:$BU163, 2*(COLUMN(BZ163)-COLUMN($BV163))+1)} -> 7.9 | CB163: {=INDEX($AC163:$BU163, 2*(COLUMN(CA163)-COLUMN($BV163))+1)} -> 7.6 | CC163: {=INDEX($AC163:$BU163, 2*(COLUMN(CB163)-COLUMN($BV163))+1)} -> 7.2 | CD163: {=INDEX($AC163:$BU163, 2*(COLUMN(CC163)-COLUMN($BV163))+1)} -> 7.2 | ... CS163: {=INDEX($AC163:$BU163, 2*(COLUMN(CR163)-COLUMN($BV163))+1)} -> 5.3
A164: 589605 | B164: 正常 | D164: 45139 | E164: 45139.292 | F164: 12.997753 | G164: 12.75 | H164: 11.786667 | I164: 11.566667 | J164: 11.026667 | K164: 9.9866667 | L164: 9.8266667 | M164: 10.186667 | N164: 9.94 | O164: 9.0733333 | P164: 8.6866667 | Q164: 8.48 | R164: 8.2733333 | S164: 9.3 | T164: 11.8 | U164: 14 | V164: -0.067857143 | W164: -0.015060241 | X164: 1797.875 | Y164: 0 | Z164: 1797.875 | AA164: -1797.875 | AB164: 45139.281 | AC164: 12.9 | AD164: 45139.291 | AE164: 12.6 | AF164: 45139.301 | AG164: 11.8 | AH164: 45139.312 | AI164: 11.6 | AJ164: 45139.322 | AK164: 11.1 | AL164: 45139.333 | AM164: 10 | AN164: 45139.343 | AO164: 9.8 | AP164: 45139.353 | AQ164: 10.2 | AR164: 45139.364 | AS164: 10 | AT164: 45139.374 | AU164: 9.1 | AV164: 45139.385 | AW164: 8.7 | AX164: 45139.395 | AY164: 8.5 | AZ164: 45139.406 | BA164: 8.2 | BB164: 45139.416 | BC164: 9.3 | BD164: 45139.426 | BE164: 11.2 | BF164: 45139.437 | BG164: 12.2 | BH164: 45139.447 | BI164: 11.7 | BJ164: 45139.458 | BK164: 10.4 | BL164: 45139.468 | BM164: 9.2 | BN164: 45139.478 | BO164: 8.4 | BP164: 45139.489 | BQ164: 8.8 | BR164: 45139.499 | BS164: 9.4 | BT164: 45139.51 | BU164: 10.4 | BW164: {=INDEX($AC164:$BU164, 2*(COLUMN(BV164)-COLUMN($BV164))+1)} -> 12.9 | BX164: {=INDEX($AC164:$BU164, 2*(COLUMN(BW164)-COLUMN($BV164))+1)} -> 12.6 | BY164: {=INDEX($AC164:$BU164, 2*(COLUMN(BX164)-COLUMN($BV164))+1)} -> 11.8 | BZ164: {=INDEX($AC164:$BU164, 2*(COLUMN(BY164)-COLUMN($BV164))+1)} -> 11.6 | CA164: {=INDEX($AC164:$BU164, 2*(COLUMN(BZ164)-COLUMN($BV164))+1)} -> 11.1 | CB164: {=INDEX($AC164:$BU164, 2*(COLUMN(CA164)-COLUMN($BV164))+1)} -> 10 | CC164: {=INDEX($AC164:$BU164, 2*(COLUMN(CB164)-COLUMN($BV164))+1)} -> 9.8 | CD164: {=INDEX($AC164:$BU164, 2*(COLUMN(CC164)-COLUMN($BV164))+1)} -> 10.2 | ... CS164: {=INDEX($AC164:$BU164, 2*(COLUMN(CR164)-COLUMN($BV164))+1)} -> 10.4
A165: 584807 | B165: 正常 | D165: 44168 | E165: 44168.292 | F165: 10.96 | G165: 10.5 | H165: 12.462 | I165: 14.741333 | J165: 17.027333 | K165: 19.02 | L165: 20.389333 | M165: 21.279333 | N165: 22.638 | O165: 23.653333 | P165: 23.823333 | Q165: 23.977333 | R165: 23.324 | S165: 23.22 | T165: 24 | U165: 152 | V165: 0.088815789 | W165: -0.027857143 | X165: 3587.93 | Y165: 0 | Z165: 3587.93 | AA165: -3587.93 | AB165: 44168.272 | AC165: 10.39 | AD165: 44168.283 | AE165: 10.61 | AF165: 44168.293 | AG165: 11.11 | AH165: 44168.303 | AI165: 12.67 | AJ165: 44168.314 | AK165: 15.06 | AL165: 44168.324 | AM165: 17.33 | AN165: 44168.335 | AO165: 19.28 | AP165: 44168.345 | AQ165: 20.56 | AR165: 44168.356 | AS165: 21.39 | AT165: 44168.366 | AU165: 22.83 | AV165: 44168.376 | AW165: 23.78 | AX165: 44168.387 | AY165: 23.83 | AZ165: 44168.397 | BA165: 24 | BB165: 44168.408 | BC165: 23.22 | BD165: 44168.418 | BE165: 21.94 | BF165: 44168.428 | BG165: 20.83 | BH165: 44168.439 | BI165: 20.22 | BJ165: 44168.449 | BK165: 20.06 | BL165: 44168.46 | BM165: 20.06 | BN165: 44168.47 | BO165: 20.61 | BP165: 44168.481 | BQ165: 21.11 | BR165: 44168.491 | BS165: 20.67 | BT165: 44168.501 | BU165: 19.94 | BW165: {=INDEX($AC165:$BU165, 2*(COLUMN(BV165)-COLUMN($BV165))+1)} -> 10.39 | BX165: {=INDEX($AC165:$BU165, 2*(COLUMN(BW165)-COLUMN($BV165))+1)} -> 10.61 | BY165: {=INDEX($AC165:$BU165, 2*(COLUMN(BX165)-COLUMN($BV165))+1)} -> 11.11 | BZ165: {=INDEX($AC165:$BU165, 2*(COLUMN(BY165)-COLUMN($BV165))+1)} -> 12.67 | CA165: {=INDEX($AC165:$BU165, 2*(COLUMN(BZ165)-COLUMN($BV165))+1)} -> 15.06 | CB165: {=INDEX($AC165:$BU165, 2*(COLUMN(CA165)-COLUMN($BV165))+1)} -> 17.33 | CC165: {=INDEX($AC165:$BU165, 2*(COLUMN(CB165)-COLUMN($BV165))+1)} -> 19.28 | CD165: {=INDEX($AC165:$BU165, 2*(COLUMN(CC165)-COLUMN($BV165))+1)} -> 20.56 | ... CS165: {=INDEX($AC165:$BU165, 2*(COLUMN(CR165)-COLUMN($BV165))+1)} -> 19.94
A166: 589990 | B166: 正常 | D166: 45147 | E166: 45147.292 | F166: 11.467832 | G166: 8.85 | H166: 9.1 | I166: 9.04 | J166: 8.1933333 | K166: 8.1266667 | L166: 8.54 | M166: 9.1066667 | N166: 9.1866667 | O166: 8.9866667 | P166: 8.8066667 | Q166: 8.86 | R166: 8.2666667 | S166: 7.8 | T166: 9.2 | U166: 104 | V166: 0.0033653846 | W166: -0.018421053 | X166: 1568.075 | Y166: 0 | Z166: 1568.075 | AA166: -1568.075 | AB166: 45147.281 | AC166: 9.1 | AD166: 45147.291 | AE166: 8.6 | AF166: 45147.301 | AG166: 9.1 | AH166: 45147.312 | AI166: 9.1 | AJ166: 45147.322 | AK166: 8.2 | AL166: 45147.333 | AM166: 8.1 | AN166: 45147.343 | AO166: 8.5 | AP166: 45147.353 | AQ166: 9.1 | AR166: 45147.364 | AS166: 9.2 | AT166: 45147.374 | AU166: 9 | AV166: 45147.385 | AW166: 8.8 | AX166: 45147.395 | AY166: 8.9 | AZ166: 45147.406 | BA166: 8.3 | BB166: 45147.416 | BC166: 7.8 | BD166: 45147.426 | BE166: 7.3 | BF166: 45147.437 | BG166: 6.8 | BH166: 45147.447 | BI166: 7.2 | BJ166: 45147.458 | BK166: 7.6 | BL166: 45147.468 | BM166: 7.9 | BN166: 45147.478 | BO166: 8.2 | BP166: 45147.489 | BQ166: 8.7 | BR166: 45147.499 | BS166: 9.4 | BT166: 45147.51 | BU166: 9.7 | BW166: {=INDEX($AC166:$BU166, 2*(COLUMN(BV166)-COLUMN($BV166))+1)} -> 9.1 | BX166: {=INDEX($AC166:$BU166, 2*(COLUMN(BW166)-COLUMN($BV166))+1)} -> 8.6 | BY166: {=INDEX($AC166:$BU166, 2*(COLUMN(BX166)-COLUMN($BV166))+1)} -> 9.1 | BZ166: {=INDEX($AC166:$BU166, 2*(COLUMN(BY166)-COLUMN($BV166))+1)} -> 9.1 | CA166: {=INDEX($AC166:$BU166, 2*(COLUMN(BZ166)-COLUMN($BV166))+1)} -> 8.2 | CB166: {=INDEX($AC166:$BU166, 2*(COLUMN(CA166)-COLUMN($BV166))+1)} -> 8.1 | CC166: {=INDEX($AC166:$BU166, 2*(COLUMN(CB166)-COLUMN($BV166))+1)} -> 8.5 | CD166: {=INDEX($AC166:$BU166, 2*(COLUMN(CC166)-COLUMN($BV166))+1)} -> 9.1 | ... CS166: {=INDEX($AC166:$BU166, 2*(COLUMN(CR166)-COLUMN($BV166))+1)} -> 9.7
A167: 587264 | B167: 正常 | D167: 45007 | E167: 45007.292 | F167: 9.94 | G167: 7.8 | H167: 9.3866667 | I167: 11.56 | J167: 13.393333 | K167: 14.173333 | L167: 14.126667 | M167: 14.2 | N167: 13.96 | O167: 13.726667 | P167: 14.686667 | Q167: 13.593333 | R167: 11.666667 | S167: 10.2 | T167: 14.9 | U167: 131 | V167: 0.054198473 | W167: -0.095918367 | X167: 2302.1 | Y167: 0 | Z167: 2302.1 | AA167: -2302.1 | AB167: 45007.278 | AC167: 7.8 | AD167: 45007.289 | AE167: 7.8 | AF167: 45007.299 | AG167: 8.8 | AH167: 45007.31 | AI167: 11 | AJ167: 45007.32 | AK167: 13.1 | AL167: 45007.331 | AM167: 14.2 | AN167: 45007.341 | AO167: 14.1 | AP167: 45007.351 | AQ167: 14.2 | AR167: 45007.362 | AS167: 14.2 | AT167: 45007.372 | AU167: 13.3 | AV167: 45007.383 | AW167: 14.9 | AX167: 45007.393 | AY167: 14.1 | AZ167: 45007.403 | BA167: 12.2 | BB167: 45007.414 | BC167: 10.2 | BD167: 45007.424 | BE167: 9.2 | BF167: 45007.435 | BG167: 9.4 | BH167: 45007.445 | BI167: 8.6 | BJ167: 45007.456 | BK167: 7.5 | BL167: 45007.466 | BM167: 7.9 | BN167: 45007.476 | BO167: 9.4 | BP167: 45007.487 | BQ167: 10.8 | BR167: 45007.497 | BS167: 10.4 | BT167: 45007.508 | BU167: 8.7 | BW167: {=INDEX($AC167:$BU167, 2*(COLUMN(BV167)-COLUMN($BV167))+1)} -> 7.8 | BX167: {=INDEX($AC167:$BU167, 2*(COLUMN(BW167)-COLUMN($BV167))+1)} -> 7.8 | BY167: {=INDEX($AC167:$BU167, 2*(COLUMN(BX167)-COLUMN($BV167))+1)} -> 8.8 | BZ167: {=INDEX($AC167:$BU167, 2*(COLUMN(BY167)-COLUMN($BV167))+1)} -> 11 | CA167: {=INDEX($AC167:$BU167, 2*(COLUMN(BZ167)-COLUMN($BV167))+1)} -> 13.1 | CB167: {=INDEX($AC167:$BU167, 2*(COLUMN(CA167)-COLUMN($BV167))+1)} -> 14.2 | CC167: {=INDEX($AC167:$BU167, 2*(COLUMN(CB167)-COLUMN($BV167))+1)} -> 14.1 | CD167: {=INDEX($AC167:$BU167, 2*(COLUMN(CC167)-COLUMN($BV167))+1)} -> 14.2 | ... CS167: {=INDEX($AC167:$BU167, 2*(COLUMN(CR167)-COLUMN($BV167))+1)} -> 8.7
A168: 590966 | B168: 正常 | D168: 45395 | E168: 45395.292 | F168: 10.8 | G168: 8.75 | H168: 8.1666667 | I168: 7.6933333 | J168: 7.2666667 | K168: 6.82 | L168: 6.5466667 | M168: 6.5066667 | N168: 7.1466667 | O168: 8.4466667 | P168: 9.5333333 | Q168: 9.82 | R168: 9.4133333 | S168: 8.9 | T168: 9.9 | U168: 146 | V168: 0.0078767123 | W168: -0.029411765 | X168: 1442.775 | Y168: 0 | Z168: 1442.775 | AA168: -1442.775 | AB168: 45395.278 | AC168: 8.8 | AD168: 45395.289 | AE168: 8.7 | AF168: 45395.299 | AG168: 8.3 | AH168: 45395.31 | AI168: 7.8 | AJ168: 45395.32 | AK168: 7.4 | AL168: 45395.331 | AM168: 6.9 | AN168: 45395.341 | AO168: 6.6 | AP168: 45395.351 | AQ168: 6.4 | AR168: 45395.362 | AS168: 6.8 | AT168: 45395.372 | AU168: 8.1 | AV168: 45395.383 | AW168: 9.4 | AX168: 45395.393 | AY168: 9.9 | AZ168: 45395.403 | BA168: 9.6 | BB168: 45395.414 | BC168: 8.9 | BD168: 45395.424 | BE168: 8.2 | BF168: 45395.435 | BG168: 7.9 | BH168: 45395.445 | BI168: 8.2 | BJ168: 45395.456 | BK168: 8.2 | BL168: 45395.466 | BM168: 7.8 | BN168: 45395.476 | BO168: 7.7 | BP168: 45395.487 | BQ168: 7.3 | BR168: 45395.497 | BS168: 6.9 | BT168: 45395.508 | BU168: 6.7 | BW168: {=INDEX($AC168:$BU168, 2*(COLUMN(BV168)-COLUMN($BV168))+1)} -> 8.8 | BX168: {=INDEX($AC168:$BU168, 2*(COLUMN(BW168)-COLUMN($BV168))+1)} -> 8.7 | BY168: {=INDEX($AC168:$BU168, 2*(COLUMN(BX168)-COLUMN($BV168))+1)} -> 8.3 | BZ168: {=INDEX($AC168:$BU168, 2*(COLUMN(BY168)-COLUMN($BV168))+1)} -> 7.8 | CA168: {=INDEX($AC168:$BU168, 2*(COLUMN(BZ168)-COLUMN($BV168))+1)} -> 7.4 | CB168: {=INDEX($AC168:$BU168, 2*(COLUMN(CA168)-COLUMN($BV168))+1)} -> 6.9 | CC168: {=INDEX($AC168:$BU168, 2*(COLUMN(CB168)-COLUMN($BV168))+1)} -> 6.6 | CD168: {=INDEX($AC168:$BU168, 2*(COLUMN(CC168)-COLUMN($BV168))+1)} -> 6.4 | ... CS168: {=INDEX($AC168:$BU168, 2*(COLUMN(CR168)-COLUMN($BV168))+1)} -> 6.7
A169: 595869 | B169: 正常 | D169: 45390 | E169: 45390.292 | F169: 7.8563542 | G169: 7.55 | H169: 7.86 | I169: 8.22 | J169: 8.38 | K169: 8.24 | L169: 8.36 | M169: 8.32 | N169: 7.82 | O169: 8.18 | P169: 9.34 | Q169: 9.6 | R169: 9.2 | S169: 9.1 | T169: 9.6 | U169: 138 | V169: 0.014855072 | W169: -0.011904762 | X169: 1527.675 | Y169: 0 | Z169: 1527.675 | AA169: -1527.675 | AB169: 45390.273 | AC169: 7.4 | AD169: 45390.283 | AE169: 7.7 | AF169: 45390.294 | AG169: 7.7 | AH169: 45390.304 | AI169: 7.9 | AJ169: 45390.315 | AK169: 8.3 | AL169: 45390.325 | AM169: 8.4 | AN169: 45390.335 | AO169: 8.2 | AP169: 45390.346 | AQ169: 8.4 | AR169: 45390.356 | AS169: 8.3 | AT169: 45390.367 | AU169: 7.7 | AV169: 45390.377 | AW169: 8.3 | AX169: 45390.387 | AY169: 9.6 | AZ169: 45390.398 | BA169: 9.6 | BB169: 45390.408 | BC169: 9.1 | BD169: 45390.419 | BE169: 8.9 | BF169: 45390.429 | BG169: 8.6 | BH169: 45390.44 | BI169: 8.5 | BJ169: 45390.45 | BK169: 8.7 | BL169: 45390.46 | BM169: 8.7 | BN169: 45390.471 | BO169: 8.7 | BP169: 45390.481 | BQ169: 8.4 | BR169: 45390.492 | BS169: 8.5 | BT169: 45390.502 | BU169: 8.9 | BW169: {=INDEX($AC169:$BU169, 2*(COLUMN(BV169)-COLUMN($BV169))+1)} -> 7.4 | BX169: {=INDEX($AC169:$BU169, 2*(COLUMN(BW169)-COLUMN($BV169))+1)} -> 7.7 | BY169: {=INDEX($AC169:$BU169, 2*(COLUMN(BX169)-COLUMN($BV169))+1)} -> 7.7 | BZ169: {=INDEX($AC169:$BU169, 2*(COLUMN(BY169)-COLUMN($BV169))+1)} -> 7.9 | CA169: {=INDEX($AC169:$BU169, 2*(COLUMN(BZ169)-COLUMN($BV169))+1)} -> 8.3 | CB169: {=INDEX($AC169:$BU169, 2*(COLUMN(CA169)-COLUMN($BV169))+1)} -> 8.4 | CC169: {=INDEX($AC169:$BU169, 2*(COLUMN(CB169)-COLUMN($BV169))+1)} -> 8.2 | CD169: {=INDEX($AC169:$BU169, 2*(COLUMN(CC169)-COLUMN($BV169))+1)} -> 8.4 | ... CS169: {=INDEX($AC169:$BU169, 2*(COLUMN(CR169)-COLUMN($BV169))+1)} -> 8.9
A170: 591970 | B170: 正常 | D170: 44347 | E170: 44347.292 | F170: 11 | G170: 10.15 | H170: 13.533333 | I170: 15.486667 | J170: 17.06 | K170: 17.793333 | L170: 17.573333 | M170: 16.78 | N170: 16.253333 | O170: 16.433333 | P170: 16.84 | Q170: 16.533333 | R170: 15.393333 | S170: 14.7 | T170: 17.9 | U170: 68 | V170: 0.11397059 | W170: -0.028571429 | X170: 2881.575 | Y170: 0 | Z170: 2881.575 | AA170: -2881.575 | AB170: 44347.276 | AC170: 9.6 | AD170: 44347.287 | AE170: 10.7 | AF170: 44347.297 | AG170: 12.6 | AH170: 44347.308 | AI170: 14.6 | AJ170: 44347.318 | AK170: 16.5 | AL170: 44347.328 | AM170: 17.7 | AN170: 44347.339 | AO170: 17.9 | AP170: 44347.349 | AQ170: 17.2 | AR170: 44347.36 | AS170: 16.3 | AT170: 44347.37 | AU170: 16.2 | AV170: 44347.381 | AW170: 16.7 | AX170: 44347.391 | AY170: 17 | AZ170: 44347.401 | BA170: 16 | BB170: 44347.412 | BC170: 14.7 | BD170: 44347.422 | BE170: 13.8 | BF170: 44347.433 | BG170: 12.7 | BH170: 44347.443 | BI170: 11.6 | BJ170: 44347.453 | BK170: 10.8 | BL170: 44347.464 | BM170: 10.2 | BN170: 44347.474 | BO170: 9.5 | BP170: 44347.485 | BQ170: 8.9 | BR170: 44347.495 | BS170: 9.4 | BT170: 44347.506 | BU170: 11.7 | BW170: {=INDEX($AC170:$BU170, 2*(COLUMN(BV170)-COLUMN($BV170))+1)} -> 9.6 | BX170: {=INDEX($AC170:$BU170, 2*(COLUMN(BW170)-COLUMN($BV170))+1)} -> 10.7 | BY170: {=INDEX($AC170:$BU170, 2*(COLUMN(BX170)-COLUMN($BV170))+1)} -> 12.6 | BZ170: {=INDEX($AC170:$BU170, 2*(COLUMN(BY170)-COLUMN($BV170))+1)} -> 14.6 | CA170: {=INDEX($AC170:$BU170, 2*(COLUMN(BZ170)-COLUMN($BV170))+1)} -> 16.5 | CB170: {=INDEX($AC170:$BU170, 2*(COLUMN(CA170)-COLUMN($BV170))+1)} -> 17.7 | CC170: {=INDEX($AC170:$BU170, 2*(COLUMN(CB170)-COLUMN($BV170))+1)} -> 17.9 | CD170: {=INDEX($AC170:$BU170, 2*(COLUMN(CC170)-COLUMN($BV170))+1)} -> 17.2 | ... CS170: {=INDEX($AC170:$BU170, 2*(COLUMN(CR170)-COLUMN($BV170))+1)} -> 11.7
A171: 592744 | B171: 正常 | D171: 44755 | E171: 44755.292 | F171: 10.76 | G171: 9.35 | H171: 9.3733333 | I171: 9.7466667 | J171: 9.7133333 | K171: 10.046667 | L171: 10.706667 | M171: 11.233333 | N171: 11.906667 | O171: 12.953333 | P171: 12.666667 | Q171: 12.253333 | R171: 12.633333 | S171: 12.7 | T171: 13.1 | U171: 122 | V171: 0.030737705 | W171: -0.0068965517 | X171: 2013.875 | Y171: 0 | Z171: 2013.875 | AA171: -2013.875 | AB171: 44755.272 | AC171: 9.4 | AD171: 44755.283 | AE171: 9.3 | AF171: 44755.293 | AG171: 9.2 | AH171: 44755.303 | AI171: 9.4 | AJ171: 44755.314 | AK171: 9.8 | AL171: 44755.324 | AM171: 9.7 | AN171: 44755.335 | AO171: 10.1 | AP171: 44755.345 | AQ171: 10.8 | AR171: 44755.356 | AS171: 11.3 | AT171: 44755.366 | AU171: 12 | AV171: 44755.376 | AW171: 13.1 | AX171: 44755.387 | AY171: 12.6 | AZ171: 44755.397 | BA171: 12.2 | BB171: 44755.408 | BC171: 12.7 | BD171: 44755.418 | BE171: 13.3 | BF171: 44755.428 | BG171: 13.8 | BH171: 44755.439 | BI171: 13.4 | BJ171: 44755.449 | BK171: 12.3 | BL171: 44755.46 | BM171: 11.6 | BN171: 44755.47 | BO171: 11.4 | BP171: 44755.481 | BQ171: 11.1 | BR171: 44755.491 | BS171: 11.2 | BT171: 44755.501 | BU171: 12.6 | BW171: {=INDEX($AC171:$BU171, 2*(COLUMN(BV171)-COLUMN($BV171))+1)} -> 9.4 | BX171: {=INDEX($AC171:$BU171, 2*(COLUMN(BW171)-COLUMN($BV171))+1)} -> 9.3 | BY171: {=INDEX($AC171:$BU171, 2*(COLUMN(BX171)-COLUMN($BV171))+1)} -> 9.2 | BZ171: {=INDEX($AC171:$BU171, 2*(COLUMN(BY171)-COLUMN($BV171))+1)} -> 9.4 | CA171: {=INDEX($AC171:$BU171, 2*(COLUMN(BZ171)-COLUMN($BV171))+1)} -> 9.8 | CB171: {=INDEX($AC171:$BU171, 2*(COLUMN(CA171)-COLUMN($BV171))+1)} -> 9.7 | CC171: {=INDEX($AC171:$BU171, 2*(COLUMN(CB171)-COLUMN($BV171))+1)} -> 10.1 | CD171: {=INDEX($AC171:$BU171, 2*(COLUMN(CC171)-COLUMN($BV171))+1)} -> 10.8 | ... CS171: {=INDEX($AC171:$BU171, 2*(COLUMN(CR171)-COLUMN($BV171))+1)} -> 12.6
A172: 600549 | B172: 正常 | D172: 45175 | E172: 45175.292 | F172: 10.92 | G172: 9.25 | H172: 7.66 | I172: 7.26 | J172: 7.2 | K172: 6.88 | L172: 6.48 | M172: 6.48 | N172: 6.9 | O172: 6.92 | P172: 6.74 | Q172: 7.18 | R172: 8.1 | S172: 8.3 | T172: 8.3 | U172: 3 | V172: -0.31666667 | W172: 0 | X172: 1298.625 | Y172: 0 | Z172: 1298.625 | AA172: -1298.625 | AB172: 45175.273 | AC172: 9.4 | AD172: 45175.283 | AE172: 9.1 | AF172: 45175.294 | AG172: 8.3 | AH172: 45175.304 | AI172: 7.5 | AJ172: 45175.315 | AK172: 7.2 | AL172: 45175.325 | AM172: 7.2 | AN172: 45175.335 | AO172: 6.8 | AP172: 45175.346 | AQ172: 6.4 | AR172: 45175.356 | AS172: 6.5 | AT172: 45175.367 | AU172: 7 | AV172: 45175.377 | AW172: 6.9 | AX172: 45175.387 | AY172: 6.7 | AZ172: 45175.398 | BA172: 7.3 | BB172: 45175.408 | BC172: 8.3 | BD172: 45175.419 | BE172: 8.6 | BF172: 45175.429 | BG172: 8.7 | BH172: 45175.44 | BI172: 9 | BJ172: 45175.45 | BK172: 8.9 | BL172: 45175.46 | BM172: 8.7 | BN172: 45175.471 | BO172: 9 | BP172: 45175.481 | BQ172: 8.8 | BR172: 45175.492 | BS172: 8.2 | BT172: 45175.502 | BU172: 7.8 | BW172: {=INDEX($AC172:$BU172, 2*(COLUMN(BV172)-COLUMN($BV172))+1)} -> 9.4 | BX172: {=INDEX($AC172:$BU172, 2*(COLUMN(BW172)-COLUMN($BV172))+1)} -> 9.1 | BY172: {=INDEX($AC172:$BU172, 2*(COLUMN(BX172)-COLUMN($BV172))+1)} -> 8.3 | BZ172: {=INDEX($AC172:$BU172, 2*(COLUMN(BY172)-COLUMN($BV172))+1)} -> 7.5 | CA172: {=INDEX($AC172:$BU172, 2*(COLUMN(BZ172)-COLUMN($BV172))+1)} -> 7.2 | CB172: {=INDEX($AC172:$BU172, 2*(COLUMN(CA172)-COLUMN($BV172))+1)} -> 7.2 | CC172: {=INDEX($AC172:$BU172, 2*(COLUMN(CB172)-COLUMN($BV172))+1)} -> 6.8 | CD172: {=INDEX($AC172:$BU172, 2*(COLUMN(CC172)-COLUMN($BV172))+1)} -> 6.4 | ... CS172: {=INDEX($AC172:$BU172, 2*(COLUMN(CR172)-COLUMN($BV172))+1)} -> 7.8
A173: 600220 | B173: 正常 | D173: 45176 | E173: 45176.292 | F173: 8.58 | G173: 8.3 | H173: 7.6866667 | I173: 7.66 | J173: 7.9066667 | K173: 7.84 | L173: 7.6466667 | M173: 7.6533333 | N173: 7.7 | O173: 7.7 | P173: 7.8066667 | Q173: 8.0066667 | R173: 8.26 | S173: 8.4 | T173: 8.4 | U173: 172 | V173: 0.00058139535 | W173: 0 | X173: 1413.25 | Y173: 0 | Z173: 1413.25 | AA173: -1413.25 | AB173: 45176.276 | AC173: 8.4 | AD173: 45176.286 | AE173: 8.2 | AF173: 45176.297 | AG173: 7.9 | AH173: 45176.307 | AI173: 7.5 | AJ173: 45176.317 | AK173: 7.8 | AL173: 45176.328 | AM173: 8 | AN173: 45176.338 | AO173: 7.7 | AP173: 45176.349 | AQ173: 7.6 | AR173: 45176.359 | AS173: 7.7 | AT173: 45176.369 | AU173: 7.7 | AV173: 45176.38 | AW173: 7.7 | AX173: 45176.39 | AY173: 7.9 | AZ173: 45176.401 | BA173: 8.1 | BB173: 45176.411 | BC173: 8.4 | BD173: 45176.422 | BE173: 9 | BF173: 45176.432 | BG173: 8.9 | BH173: 45176.442 | BI173: 9.3 | BJ173: 45176.453 | BK173: 10 | BL173: 45176.463 | BM173: 10.2 | BN173: 45176.474 | BO173: 10.5 | BP173: 45176.484 | BQ173: 10.4 | BR173: 45176.494 | BS173: 10.1 | BT173: 45176.505 | BU173: 9.9 | BW173: {=INDEX($AC173:$BU173, 2*(COLUMN(BV173)-COLUMN($BV173))+1)} -> 8.4 | BX173: {=INDEX($AC173:$BU173, 2*(COLUMN(BW173)-COLUMN($BV173))+1)} -> 8.2 | BY173: {=INDEX($AC173:$BU173, 2*(COLUMN(BX173)-COLUMN($BV173))+1)} -> 7.9 | BZ173: {=INDEX($AC173:$BU173, 2*(COLUMN(BY173)-COLUMN($BV173))+1)} -> 7.5 | CA173: {=INDEX($AC173:$BU173, 2*(COLUMN(BZ173)-COLUMN($BV173))+1)} -> 7.8 | CB173: {=INDEX($AC173:$BU173, 2*(COLUMN(CA173)-COLUMN($BV173))+1)} -> 8 | CC173: {=INDEX($AC173:$BU173, 2*(COLUMN(CB173)-COLUMN($BV173))+1)} -> 7.7 | CD173: {=INDEX($AC173:$BU173, 2*(COLUMN(CC173)-COLUMN($BV173))+1)} -> 7.6 | ... CS173: {=INDEX($AC173:$BU173, 2*(COLUMN(CR173)-COLUMN($BV173))+1)} -> 9.9
A174: 601558 | B174: 正常 | D174: 44257 | E174: 44257.292 | F174: 8.77 | G174: 6.1 | H174: 6.8266667 | I174: 7.9 | J174: 9.54 | K174: 11.246667 | L174: 12.146667 | M174: 11.78 | N174: 10.926667 | O174: 10.36 | P174: 10.06 | Q174: 9.5733333 | R174: 9.06 | S174: 8.9 | T174: 12.2 | U174: 83 | V174: 0.073493976 | W174: -0.034020619 | X174: 1753.8 | Y174: 0 | Z174: 1753.8 | AA174: -1753.8 | AB174: 44257.276 | AC174: 6.1 | AD174: 44257.287 | AE174: 6.1 | AF174: 44257.297 | AG174: 6.5 | AH174: 44257.308 | AI174: 7.2 | AJ174: 44257.318 | AK174: 8.7 | AL174: 44257.328 | AM174: 10.5 | AN174: 44257.339 | AO174: 12.1 | AP174: 44257.349 | AQ174: 12.2 | AR174: 44257.36 | AS174: 11.3 | AT174: 44257.37 | AU174: 10.5 | AV174: 44257.381 | AW174: 10.2 | AX174: 44257.391 | AY174: 9.9 | AZ174: 44257.401 | BA174: 9.2 | BB174: 44257.412 | BC174: 8.9 | BD174: 44257.422 | BE174: 8.4 | BF174: 44257.433 | BG174: 7.7 | BH174: 44257.443 | BI174: 7.2 | BJ174: 44257.453 | BK174: 6.8 | BL174: 44257.464 | BM174: 5.9 | BN174: 44257.474 | BO174: 5.3 | BP174: 44257.485 | BQ174: 5.3 | BR174: 44257.495 | BS174: 6.4 | BT174: 44257.506 | BU174: 8.7 | BW174: {=INDEX($AC174:$BU174, 2*(COLUMN(BV174)-COLUMN($BV174))+1)} -> 6.1 | BX174: {=INDEX($AC174:$BU174, 2*(COLUMN(BW174)-COLUMN($BV174))+1)} -> 6.1 | BY174: {=INDEX($AC174:$BU174, 2*(COLUMN(BX174)-COLUMN($BV174))+1)} -> 6.5 | BZ174: {=INDEX($AC174:$BU174, 2*(COLUMN(BY174)-COLUMN($BV174))+1)} -> 7.2 | CA174: {=INDEX($AC174:$BU174, 2*(COLUMN(BZ174)-COLUMN($BV174))+1)} -> 8.7 | CB174: {=INDEX($AC174:$BU174, 2*(COLUMN(CA174)-COLUMN($BV174))+1)} -> 10.5 | CC174: {=INDEX($AC174:$BU174, 2*(COLUMN(CB174)-COLUMN($BV174))+1)} -> 12.1 | CD174: {=INDEX($AC174:$BU174, 2*(COLUMN(CC174)-COLUMN($BV174))+1)} -> 12.2 | ... CS174: {=INDEX($AC174:$BU174, 2*(COLUMN(CR174)-COLUMN($BV174))+1)} -> 8.7
A175: 603564 | B175: 正常 | D175: 45233 | E175: 45233.292 | F175: 10.29 | G175: 9.85 | H175: 9.2266667 | I175: 8.98 | J175: 8.7533333 | K175: 8.6266667 | L175: 8.3066667 | M175: 8.2 | N175: 8.2733333 | O175: 8.2266667 | P175: 8.0533333 | Q175: 8.0733333 | R175: 8.32 | S175: 8.4 | T175: 9.3 | U175: 4 | V175: -0.1375 | W175: -0.0051136364 | X175: 1532.475 | Y175: 0 | Z175: 1532.475 | AA175: -1532.475 | AB175: 45233.274 | AC175: 10.1 | AD175: 45233.284 | AE175: 9.6 | AF175: 45233.294 | AG175: 9.3 | AH175: 45233.305 | AI175: 9.2 | AJ175: 45233.315 | AK175: 8.9 | AL175: 45233.326 | AM175: 8.7 | AN175: 45233.336 | AO175: 8.6 | AP175: 45233.347 | AQ175: 8.2 | AR175: 45233.357 | AS175: 8.2 | AT175: 45233.367 | AU175: 8.3 | AV175: 45233.378 | AW175: 8.2 | AX175: 45233.388 | AY175: 8 | AZ175: 45233.399 | BA175: 8.1 | BB175: 45233.409 | BC175: 8.4 | BD175: 45233.419 | BE175: 8.5 | BF175: 45233.43 | BG175: 8.6 | BH175: 45233.44 | BI175: 8.9 | BJ175: 45233.451 | BK175: 9.2 | BL175: 45233.461 | BM175: 8.8 | BN175: 45233.472 | BO175: 9.1 | BP175: 45233.482 | BQ175: 9.9 | BR175: 45233.492 | BS175: 9.9 | BT175: 45233.503 | BU175: 9.6 | BW175: {=INDEX($AC175:$BU175, 2*(COLUMN(BV175)-COLUMN($BV175))+1)} -> 10.1 | BX175: {=INDEX($AC175:$BU175, 2*(COLUMN(BW175)-COLUMN($BV175))+1)} -> 9.6 | BY175: {=INDEX($AC175:$BU175, 2*(COLUMN(BX175)-COLUMN($BV175))+1)} -> 9.3 | BZ175: {=INDEX($AC175:$BU175, 2*(COLUMN(BY175)-COLUMN($BV175))+1)} -> 9.2 | CA175: {=INDEX($AC175:$BU175, 2*(COLUMN(BZ175)-COLUMN($BV175))+1)} -> 8.9 | CB175: {=INDEX($AC175:$BU175, 2*(COLUMN(CA175)-COLUMN($BV175))+1)} -> 8.7 | CC175: {=INDEX($AC175:$BU175, 2*(COLUMN(CB175)-COLUMN($BV175))+1)} -> 8.6 | CD175: {=INDEX($AC175:$BU175, 2*(COLUMN(CC175)-COLUMN($BV175))+1)} -> 8.2 | ... CS175: {=INDEX($AC175:$BU175, 2*(COLUMN(CR175)-COLUMN($BV175))+1)} -> 9.6
... A180: 612617 | B180: 正常 | D180: 45213 | E180: 45213.292 | F180: 8.05 | G180: 5.55 | H180: 5.86 | I180: 6.4 | J180: 6.3 | K180: 5.8 | L180: 5.6 | M180: 5.42 | N180: 5.24 | O180: 5.32 | P180: 5.58 | Q180: 6.06 | R180: 6.72 | S180: 7 | T180: 7 | U180: 171 | V180: 0.0084795322 | W180: 0 | X180: 1058.625 | Y180: 0 | Z180: 1058.625 | AA180: -1058.625 | AB180: 45213.275 | AC180: 5.7 | AD180: 45213.285 | AE180: 5.4 | AF180: 45213.296 | AG180: 5.5 | AH180: 45213.306 | AI180: 6.1 | AJ180: 45213.317 | AK180: 6.6 | AL180: 45213.327 | AM180: 6.1 | AN180: 45213.338 | AO180: 5.6 | AP180: 45213.348 | AQ180: 5.6 | AR180: 45213.358 | AS180: 5.3 | AT180: 45213.369 | AU180: 5.2 | AV180: 45213.379 | AW180: 5.4 | AX180: 45213.39 | AY180: 5.7 | AZ180: 45213.4 | BA180: 6.3 | BB180: 45213.41 | BC180: 7 | BD180: 45213.421 | BE180: 7.2 | BF180: 45213.431 | BG180: 7.3 | BH180: 45213.442 | BI180: 6.8 | BJ180: 45213.452 | BK180: 6.3 | BL180: 45213.463 | BM180: 6.2 | BN180: 45213.473 | BO180: 5.9 | BP180: 45213.483 | BQ180: 6.1 | BR180: 45213.494 | BS180: 6.8 | BT180: 45213.504 | BU180: 7 | BW180: {=INDEX($AC180:$BU180, 2*(COLUMN(BV180)-COLUMN($BV180))+1)} -> 5.7 | BX180: {=INDEX($AC180:$BU180, 2*(COLUMN(BW180)-COLUMN($BV180))+1)} -> 5.4 | BY180: {=INDEX($AC180:$BU180, 2*(COLUMN(BX180)-COLUMN($BV180))+1)} -> 5.5 | BZ180: {=INDEX($AC180:$BU180, 2*(COLUMN(BY180)-COLUMN($BV180))+1)} -> 6.1 | CA180: {=INDEX($AC180:$BU180, 2*(COLUMN(BZ180)-COLUMN($BV180))+1)} -> 6.6 | CB180: {=INDEX($AC180:$BU180, 2*(COLUMN(CA180)-COLUMN($BV180))+1)} -> 6.1 | CC180: {=INDEX($AC180:$BU180, 2*(COLUMN(CB180)-COLUMN($BV180))+1)} -> 5.6 | CD180: {=INDEX($AC180:$BU180, 2*(COLUMN(CC180)-COLUMN($BV180))+1)} -> 5.6 | ... CS180: {=INDEX($AC180:$BU180, 2*(COLUMN(CR180)-COLUMN($BV180))+1)} -> 7
A181: 618545 | B181: 正常 | D181: 45033 | E181: 45033.292 | F181: 12.99 | G181: 12.7 | H181: 11.4 | I181: 11.2 | J181: 10.9 | K181: 10.5 | L181: 10.4 | M181: 10.4 | N181: 10.1 | O181: 9.7 | P181: 9.3 | Q181: 8.7 | R181: 8.1 | S181: 7.6 | T181: 12 | U181: 0 | W181: -0.024444444 | X181: 1812.75 | Y181: 0 | Z181: 1812.75 | AA181: -1812.75 | AB181: 45033.271 | AC181: 13.3 | AD181: 45033.281 | AE181: 12.8 | AF181: 45033.292 | AG181: 12 | AH181: 45033.302 | AI181: 11.4 | AJ181: 45033.312 | AK181: 11.2 | AL181: 45033.323 | AM181: 10.9 | AN181: 45033.333 | AO181: 10.5 | AP181: 45033.344 | AQ181: 10.4 | AR181: 45033.354 | AS181: 10.4 | AT181: 45033.365 | AU181: 10.1 | AV181: 45033.375 | AW181: 9.7 | AX181: 45033.385 | AY181: 9.3 | AZ181: 45033.396 | BA181: 8.7 | BB181: 45033.406 | BC181: 8.1 | BD181: 45033.417 | BE181: 7.6 | BF181: 45033.427 | BG181: 7.2 | BH181: 45033.438 | BI181: 6.9 | BJ181: 45033.448 | BK181: 12.9 | BL181: 45033.458 | BM181: 13.6 | BN181: 45033.469 | BO181: 14.2 | BP181: 45033.479 | BQ181: 14.2 | BR181: 45033.49 | BS181: 13.6 | BT181: 45033.5 | BU181: 13 | BW181: {=INDEX($AC181:$BU181, 2*(COLUMN(BV181)-COLUMN($BV181))+1)} -> 13.3 | BX181: {=INDEX($AC181:$BU181, 2*(COLUMN(BW181)-COLUMN($BV181))+1)} -> 12.8 | BY181: {=INDEX($AC181:$BU181, 2*(COLUMN(BX181)-COLUMN($BV181))+1)} -> 12 | BZ181: {=INDEX($AC181:$BU181, 2*(COLUMN(BY181)-COLUMN($BV181))+1)} -> 11.4 | CA181: {=INDEX($AC181:$BU181, 2*(COLUMN(BZ181)-COLUMN($BV181))+1)} -> 11.2 | CB181: {=INDEX($AC181:$BU181, 2*(COLUMN(CA181)-COLUMN($BV181))+1)} -> 10.9 | CC181: {=INDEX($AC181:$BU181, 2*(COLUMN(CB181)-COLUMN($BV181))+1)} -> 10.5 | CD181: {=INDEX($AC181:$BU181, 2*(COLUMN(CC181)-COLUMN($BV181))+1)} -> 10.4 | ... CS181: {=INDEX($AC181:$BU181, 2*(COLUMN(CR181)-COLUMN($BV181))+1)} -> 13
A182: 621979 | B182: 正常 | D182: 45113 | E182: 45113.292 | F182: 13.27 | G182: 10.7 | H182: 10.766667 | I182: 11.306667 | J182: 12.053333 | K182: 12.293333 | L182: 11.493333 | M182: 10.96 | N182: 12.066667 | O182: 12.406667 | P182: 11.826667 | Q182: 12.013333 | R182: 11.98 | S182: 11.2 | T182: 12.5 | U182: 118 | V182: 0.015254237 | W182: -0.020967742 | X182: 2101.75 | Y182: 0 | Z182: 2101.75 | AA182: -2101.75 | AB182: 45113.28 | AC182: 10.9 | AD182: 45113.29 | AE182: 10.5 | AF182: 45113.301 | AG182: 10.7 | AH182: 45113.311 | AI182: 11.2 | AJ182: 45113.322 | AK182: 12 | AL182: 45113.332 | AM182: 12.4 | AN182: 45113.342 | AO182: 11.6 | AP182: 45113.353 | AQ182: 10.8 | AR182: 45113.363 | AS182: 12 | AT182: 45113.374 | AU182: 12.5 | AV182: 45113.384 | AW182: 11.8 | AX182: 45113.394 | AY182: 12 | AZ182: 45113.405 | BA182: 12.1 | BB182: 45113.415 | BC182: 11.2 | BD182: 45113.426 | BE182: 10.6 | BF182: 45113.436 | BG182: 10.4 | BH182: 45113.447 | BI182: 10.3 | BJ182: 45113.457 | BK182: 10.1 | BL182: 45113.467 | BM182: 9.6 | BN182: 45113.478 | BO182: 9.1 | BP182: 45113.488 | BQ182: 8.7 | BR182: 45113.499 | BS182: 8.3 | BT182: 45113.509 | BU182: 8 | BW182: {=INDEX($AC182:$BU182, 2*(COLUMN(BV182)-COLUMN($BV182))+1)} -> 10.9 | BX182: {=INDEX($AC182:$BU182, 2*(COLUMN(BW182)-COLUMN($BV182))+1)} -> 10.5 | BY182: {=INDEX($AC182:$BU182, 2*(COLUMN(BX182)-COLUMN($BV182))+1)} -> 10.7 | BZ182: {=INDEX($AC182:$BU182, 2*(COLUMN(BY182)-COLUMN($BV182))+1)} -> 11.2 | CA182: {=INDEX($AC182:$BU182, 2*(COLUMN(BZ182)-COLUMN($BV182))+1)} -> 12 | CB182: {=INDEX($AC182:$BU182, 2*(COLUMN(CA182)-COLUMN($BV182))+1)} -> 12.4 | CC182: {=INDEX($AC182:$BU182, 2*(COLUMN(CB182)-COLUMN($BV182))+1)} -> 11.6 | CD182: {=INDEX($AC182:$BU182, 2*(COLUMN(CC182)-COLUMN($BV182))+1)} -> 10.8 | ... CS182: {=INDEX($AC182:$BU182, 2*(COLUMN(CR182)-COLUMN($BV182))+1)} -> 8
A183: 624590 | B183: 正常 | D183: 45153 | E183: 45153.292 | F183: 10.33 | G183: 9.45 | H183: 9.4 | I183: 9.4933333 | J183: 10.246667 | K183: 11.233333 | L183: 10.833333 | M183: 9.68 | N183: 8.8533333 | O183: 8.6133333 | P183: 9.44 | Q183: 10.526667 | R183: 10.32 | S183: 10.3 | T183: 11.3 | U183: 61 | V183: 0.030327869 | W183: -0.0084033613 | X183: 1777.725 | Y183: 0 | Z183: 1777.725 | AA183: -1777.725 | AB183: 45153.272 | AC183: 9.4 | AD183: 45153.282 | AE183: 9.5 | AF183: 45153.292 | AG183: 9.4 | AH183: 45153.303 | AI183: 9.4 | AJ183: 45153.313 | AK183: 9.5 | AL183: 45153.324 | AM183: 10.3 | AN183: 45153.334 | AO183: 11.3 | AP183: 45153.344 | AQ183: 10.8 | AR183: 45153.355 | AS183: 9.6 | AT183: 45153.365 | AU183: 8.8 | AV183: 45153.376 | AW183: 8.6 | AX183: 45153.386 | AY183: 9.5 | AZ183: 45153.397 | BA183: 10.6 | BB183: 45153.407 | BC183: 10.3 | BD183: 45153.417 | BE183: 9.6 | BF183: 45153.428 | BG183: 8.8 | BH183: 45153.438 | BI183: 7.5 | BJ183: 45153.449 | BK183: 6.1 | BL183: 45153.459 | BM183: 5.5 | BN183: 45153.469 | BO183: 6 | BP183: 45153.48 | BQ183: 6.6 | BR183: 45153.49 | BS183: 6.8 | BT183: 45153.501 | BU183: 6.8 | BW183: {=INDEX($AC183:$BU183, 2*(COLUMN(BV183)-COLUMN($BV183))+1)} -> 9.4 | BX183: {=INDEX($AC183:$BU183, 2*(COLUMN(BW183)-COLUMN($BV183))+1)} -> 9.5 | BY183: {=INDEX($AC183:$BU183, 2*(COLUMN(BX183)-COLUMN($BV183))+1)} -> 9.4 | BZ183: {=INDEX($AC183:$BU183, 2*(COLUMN(BY183)-COLUMN($BV183))+1)} -> 9.4 | CA183: {=INDEX($AC183:$BU183, 2*(COLUMN(BZ183)-COLUMN($BV183))+1)} -> 9.5 | CB183: {=INDEX($AC183:$BU183, 2*(COLUMN(CA183)-COLUMN($BV183))+1)} -> 10.3 | CC183: {=INDEX($AC183:$BU183, 2*(COLUMN(CB183)-COLUMN($BV183))+1)} -> 11.3 | CD183: {=INDEX($AC183:$BU183, 2*(COLUMN(CC183)-COLUMN($BV183))+1)} -> 10.8 | ... CS183: {=INDEX($AC183:$BU183, 2*(COLUMN(CR183)-COLUMN($BV183))+1)} -> 6.8
A184: 620419 | B184: 正常 | D184: 44477 | E184: 44477.292 | F184: 8 | G184: 7.35 | H184: 10.1 | I184: 10.966667 | J184: 11.333333 | K184: 11.533333 | L184: 11.4 | M184: 10.766667 | N184: 9.8333333 | O184: 8.9 | P184: 8.2666667 | Q184: 7.5666667 | R184: 6.6333333 | S184: 6.3 | T184: 11.6 | U184: 65 | V184: 0.065384615 | W184: -0.046086957 | X184: 1711.875 | Y184: 0 | Z184: 1711.875 | AA184: -1711.875 | AB184: 44477.274 | AC184: 6.9 | AD184: 44477.285 | AE184: 7.8 | AF184: 44477.295 | AG184: 9.3 | AH184: 44477.306 | AI184: 10.5 | AJ184: 44477.316 | AK184: 11.2 | AL184: 44477.326 | AM184: 11.4 | AN184: 44477.337 | AO184: 11.6 | AP184: 44477.347 | AQ184: 11.3 | AR184: 44477.358 | AS184: 10.5 | AT184: 44477.368 | AU184: 9.5 | AV184: 44477.378 | AW184: 8.6 | AX184: 44477.389 | AY184: 8.1 | AZ184: 44477.399 | BA184: 7.3 | BB184: 44477.41 | BC184: 6.3 | BD184: 44477.42 | BE184: 5.8 | BF184: 44477.431 | BG184: 5.7 | BH184: 44477.441 | BI184: 5.2 | BJ184: 44477.451 | BK184: 4.9 | BL184: 44477.462 | BM184: 4.8 | BN184: 44477.472 | BO184: 4.5 | BP184: 44477.483 | BQ184: 4.3 | BR184: 44477.493 | BS184: 4.5 | BT184: 44477.503 | BU184: 5.6 | BW184: {=INDEX($AC184:$BU184, 2*(COLUMN(BV184)-COLUMN($BV184))+1)} -> 6.9 | BX184: {=INDEX($AC184:$BU184, 2*(COLUMN(BW184)-COLUMN($BV184))+1)} -> 7.8 | BY184: {=INDEX($AC184:$BU184, 2*(COLUMN(BX184)-COLUMN($BV184))+1)} -> 9.3 | BZ184: {=INDEX($AC184:$BU184, 2*(COLUMN(BY184)-COLUMN($BV184))+1)} -> 10.5 | CA184: {=INDEX($AC184:$BU184, 2*(COLUMN(BZ184)-COLUMN($BV184))+1)} -> 11.2 | CB184: {=INDEX($AC184:$BU184, 2*(COLUMN(CA184)-COLUMN($BV184))+1)} -> 11.4 | CC184: {=INDEX($AC184:$BU184, 2*(COLUMN(CB184)-COLUMN($BV184))+1)} -> 11.6 | CD184: {=INDEX($AC184:$BU184, 2*(COLUMN(CC184)-COLUMN($BV184))+1)} -> 11.3 | ... CS184: {=INDEX($AC184:$BU184, 2*(COLUMN(CR184)-COLUMN($BV184))+1)} -> 5.6
A185: 626575 | B185: 正常 | D185: 45282 | E185: 45282.292 | F185: 9.8126013 | G185: 7.5 | H185: 8.96 | I185: 9.6 | J185: 9.62 | K185: 9.12 | L185: 8.36 | M185: 8.12 | N185: 8.42 | O185: 8.58 | P185: 7.96 | Q185: 7.64 | R185: 8 | S185: 8.1 | T185: 9.7 | U185: 33 | V185: 0.066666667 | W185: -0.010884354 | X185: 1532.7 | Y185: 0 | Z185: 1532.7 | AA185: -1532.7 | AB185: 45282.273 | AC185: 7.7 | AD185: 45282.283 | AE185: 7.3 | AF185: 45282.294 | AG185: 8 | AH185: 45282.304 | AI185: 9.2 | AJ185: 45282.315 | AK185: 9.7 | AL185: 45282.325 | AM185: 9.6 | AN185: 45282.335 | AO185: 9 | AP185: 45282.346 | AQ185: 8.2 | AR185: 45282.356 | AS185: 8.1 | AT185: 45282.367 | AU185: 8.5 | AV185: 45282.377 | AW185: 8.6 | AX185: 45282.387 | AY185: 7.8 | AZ185: 45282.398 | BA185: 7.6 | BB185: 45282.408 | BC185: 8.1 | BD185: 45282.419 | BE185: 8.2 | BF185: 45282.429 | BG185: 7.7 | BH185: 45282.44 | BI185: 7.8 | BJ185: 45282.45 | BK185: 8.1 | BL185: 45282.46 | BM185: 7.6 | BN185: 45282.471 | BO185: 7.2 | BP185: 45282.481 | BQ185: 7.3 | BR185: 45282.492 | BS185: 7.4 | BT185: 45282.502 | BU185: 7.2 | BW185: {=INDEX($AC185:$BU185, 2*(COLUMN(BV185)-COLUMN($BV185))+1)} -> 7.7 | BX185: {=INDEX($AC185:$BU185, 2*(COLUMN(BW185)-COLUMN($BV185))+1)} -> 7.3 | BY185: {=INDEX($AC185:$BU185, 2*(COLUMN(BX185)-COLUMN($BV185))+1)} -> 8 | BZ185: {=INDEX($AC185:$BU185, 2*(COLUMN(BY185)-COLUMN($BV185))+1)} -> 9.2 | CA185: {=INDEX($AC185:$BU185, 2*(COLUMN(BZ185)-COLUMN($BV185))+1)} -> 9.7 | CB185: {=INDEX($AC185:$BU185, 2*(COLUMN(CA185)-COLUMN($BV185))+1)} -> 9.6 | CC185: {=INDEX($AC185:$BU185, 2*(COLUMN(CB185)-COLUMN($BV185))+1)} -> 9 | CD185: {=INDEX($AC185:$BU185, 2*(COLUMN(CC185)-COLUMN($BV185))+1)} -> 8.2 | ... CS185: {=INDEX($AC185:$BU185, 2*(COLUMN(CR185)-COLUMN($BV185))+1)} -> 7.2
A186: 627102 | B186: 正常 | D186: 44343 | E186: 44343.292 | F186: 15 | G186: 12.85 | H186: 14.12 | I186: 13.6 | J186: 14.54 | K186: 15.92 | L186: 16.84 | M186: 17.24 | N186: 17.14 | O186: 17.18 | P186: 17.6 | Q186: 18.18 | R186: 18.7 | S186: 18.8 | T186: 18.8 | U186: 168 | V186: 0.035416667 | W186: 0 | X186: 2953.275 | Y186: 0 | Z186: 2953.275 | AA186: -2953.275 | AB186: 44343.273 | AC186: 12.3 | AD186: 44343.283 | AE186: 13.4 | AF186: 44343.294 | AG186: 14.6 | AH186: 44343.304 | AI186: 14 | AJ186: 44343.315 | AK186: 13.5 | AL186: 44343.325 | AM186: 14.8 | AN186: 44343.335 | AO186: 16.2 | AP186: 44343.346 | AQ186: 17 | AR186: 44343.356 | AS186: 17.3 | AT186: 44343.367 | AU186: 17.1 | AV186: 44343.377 | AW186: 17.2 | AX186: 44343.387 | AY186: 17.7 | AZ186: 44343.398 | BA186: 18.3 | BB186: 44343.408 | BC186: 18.8 | BD186: 44343.419 | BE186: 18.9 | BF186: 44343.429 | BG186: 19.3 | BH186: 44343.44 | BI186: 19.2 | BJ186: 44343.45 | BK186: 18.6 | BL186: 44343.46 | BM186: 18.6 | BN186: 44343.471 | BO186: 19.4 | BP186: 44343.481 | BQ186: 19.9 | BR186: 44343.492 | BS186: 20.5 | BT186: 44343.502 | BU186: 20.8 | BW186: {=INDEX($AC186:$BU186, 2*(COLUMN(BV186)-COLUMN($BV186))+1)} -> 12.3 | BX186: {=INDEX($AC186:$BU186, 2*(COLUMN(BW186)-COLUMN($BV186))+1)} -> 13.4 | BY186: {=INDEX($AC186:$BU186, 2*(COLUMN(BX186)-COLUMN($BV186))+1)} -> 14.6 | BZ186: {=INDEX($AC186:$BU186, 2*(COLUMN(BY186)-COLUMN($BV186))+1)} -> 14 | CA186: {=INDEX($AC186:$BU186, 2*(COLUMN(BZ186)-COLUMN($BV186))+1)} -> 13.5 | CB186: {=INDEX($AC186:$BU186, 2*(COLUMN(CA186)-COLUMN($BV186))+1)} -> 14.8 | CC186: {=INDEX($AC186:$BU186, 2*(COLUMN(CB186)-COLUMN($BV186))+1)} -> 16.2 | CD186: {=INDEX($AC186:$BU186, 2*(COLUMN(CC186)-COLUMN($BV186))+1)} -> 17 | ... CS186: {=INDEX($AC186:$BU186, 2*(COLUMN(CR186)-COLUMN($BV186))+1)} -> 20.8
A187: 629747 | B187: 正常 | D187: 43936 | E187: 43936.292 | F187: 10.93 | G187: 9.135 | H187: 9.896 | I187: 9.9 | J187: 9.89 | K187: 9.578 | L187: 9.276 | M187: 9.396 | N187: 10.336 | O187: 11.848 | P187: 12.746 | Q187: 13.602 | R187: 14.844 | S187: 15.11 | T187: 15.11 | U187: 168 | V187: 0.035565476 | W187: 0 | X187: 2001.5175 | Y187: 0 | Z187: 2001.5175 | AA187: -2001.5175 | AB187: 43936.273 | AC187: 8.83 | AD187: 43936.283 | AE187: 9.44 | AF187: 43936.294 | AG187: 9.72 | AH187: 43936.304 | AI187: 9.94 | AJ187: 43936.315 | AK187: 9.89 | AL187: 43936.325 | AM187: 9.89 | AN187: 43936.335 | AO187: 9.5 | AP187: 43936.346 | AQ187: 9.22 | AR187: 43936.356 | AS187: 9.44 | AT187: 43936.367 | AU187: 10.56 | AV187: 43936.377 | AW187: 12.17 | AX187: 43936.387 | AY187: 12.89 | AZ187: 43936.398 | BA187: 13.78 | BB187: 43936.408 | BC187: 15.11 | BD187: 43936.419 | BE187: 15.67 | BF187: 43936.429 | BG187: 14.72 | BH187: 43936.44 | BI187: 13.61 | BJ187: 43936.45 | BK187: 12.94 | BL187: 43936.46 | BM187: 12.56 | BN187: 43936.471 | BO187: 11.89 | BP187: 43936.481 | BQ187: 10.78 | BR187: 43936.492 | BS187: 10.11 | BT187: 43936.502 | BU187: 10.61 | BW187: {=INDEX($AC187:$BU187, 2*(COLUMN(BV187)-COLUMN($BV187))+1)} -> 8.83 | BX187: {=INDEX($AC187:$BU187, 2*(COLUMN(BW187)-COLUMN($BV187))+1)} -> 9.44 | BY187: {=INDEX($AC187:$BU187, 2*(COLUMN(BX187)-COLUMN($BV187))+1)} -> 9.72 | BZ187: {=INDEX($AC187:$BU187, 2*(COLUMN(BY187)-COLUMN($BV187))+1)} -> 9.94 | CA187: {=INDEX($AC187:$BU187, 2*(COLUMN(BZ187)-COLUMN($BV187))+1)} -> 9.89 | CB187: {=INDEX($AC187:$BU187, 2*(COLUMN(CA187)-COLUMN($BV187))+1)} -> 9.89 | CC187: {=INDEX($AC187:$BU187, 2*(COLUMN(CB187)-COLUMN($BV187))+1)} -> 9.5 | CD187: {=INDEX($AC187:$BU187, 2*(COLUMN(CC187)-COLUMN($BV187))+1)} -> 9.22 | ... CS187: {=INDEX($AC187:$BU187, 2*(COLUMN(CR187)-COLUMN($BV187))+1)} -> 10.61
A188: 640013 | B188: 正常 | D188: 45309 | E188: 45309.292 | F188: 13.173721 | G188: 11.5 | H188: 11.073333 | I188: 10.966667 | J188: 11.466667 | K188: 11.886667 | L188: 11.746667 | M188: 11.32 | N188: 10.773333 | O188: 10.6 | P188: 10.546667 | Q188: 10.066667 | R188: 9.1333333 | S188: 8.7 | T188: 11.9 | U188: 58 | V188: 0.0068965517 | W188: -0.026229508 | X188: 1945.2 | Y188: 0 | Z188: 1945.2 | AA188: -1945.2 | AB188: 45309.28 | AC188: 11.6 | AD188: 45309.29 | AE188: 11.4 | AF188: 45309.301 | AG188: 11.1 | AH188: 45309.311 | AI188: 10.9 | AJ188: 45309.322 | AK188: 11.4 | AL188: 45309.332 | AM188: 11.9 | AN188: 45309.342 | AO188: 11.8 | AP188: 45309.353 | AQ188: 11.4 | AR188: 45309.363 | AS188: 10.8 | AT188: 45309.374 | AU188: 10.6 | AV188: 45309.384 | AW188: 10.6 | AX188: 45309.394 | AY188: 10.2 | AZ188: 45309.405 | BA188: 9.2 | BB188: 45309.415 | BC188: 8.7 | BD188: 45309.426 | BE188: 8.3 | BF188: 45309.436 | BG188: 7.7 | BH188: 45309.447 | BI188: 7.4 | BJ188: 45309.457 | BK188: 7.2 | BL188: 45309.467 | BM188: 6.9 | BN188: 45309.478 | BO188: 6.6 | BP188: 45309.488 | BQ188: 6.3 | BR188: 45309.499 | BS188: 6.3 | BT188: 45309.509 | BU188: 6.4 | BW188: {=INDEX($AC188:$BU188, 2*(COLUMN(BV188)-COLUMN($BV188))+1)} -> 11.6 | BX188: {=INDEX($AC188:$BU188, 2*(COLUMN(BW188)-COLUMN($BV188))+1)} -> 11.4 | BY188: {=INDEX($AC188:$BU188, 2*(COLUMN(BX188)-COLUMN($BV188))+1)} -> 11.1 | BZ188: {=INDEX($AC188:$BU188, 2*(COLUMN(BY188)-COLUMN($BV188))+1)} -> 10.9 | CA188: {=INDEX($AC188:$BU188, 2*(COLUMN(BZ188)-COLUMN($BV188))+1)} -> 11.4 | CB188: {=INDEX($AC188:$BU188, 2*(COLUMN(CA188)-COLUMN($BV188))+1)} -> 11.9 | CC188: {=INDEX($AC188:$BU188, 2*(COLUMN(CB188)-COLUMN($BV188))+1)} -> 11.8 | CD188: {=INDEX($AC188:$BU188, 2*(COLUMN(CC188)-COLUMN($BV188))+1)} -> 11.4 | ... CS188: {=INDEX($AC188:$BU188, 2*(COLUMN(CR188)-COLUMN($BV188))+1)} -> 6.4
A189: 646000 | B189: 正常 | D189: 44777 | E189: 44777.292 | F189: 11.81 | G189: 9.5 | H189: 11.54 | I189: 13.993333 | J189: 16.486667 | K189: 18.473333 | L189: 19.606667 | M189: 20.086667 | N189: 20.706667 | O189: 20.973333 | P189: 20.873333 | Q189: 20.586667 | R189: 19.733333 | S189: 19 | T189: 21 | U189: 116 | V189: 0.099137931 | W189: -0.03125 | X189: 3259.65 | Y189: 0 | Z189: 3259.65 | AA189: -3259.65 | AB189: 44777.278 | AC189: 9.4 | AD189: 44777.289 | AE189: 9.6 | AF189: 44777.299 | AG189: 10.9 | AH189: 44777.31 | AI189: 13.3 | AJ189: 44777.32 | AK189: 15.9 | AL189: 44777.331 | AM189: 18.1 | AN189: 44777.341 | AO189: 19.5 | AP189: 44777.351 | AQ189: 19.9 | AR189: 44777.362 | AS189: 20.6 | AT189: 44777.372 | AU189: 21 | AV189: 44777.383 | AW189: 20.9 | AX189: 44777.393 | AY189: 20.8 | AZ189: 44777.403 | BA189: 20 | BB189: 44777.414 | BC189: 19 | BD189: 44777.424 | BE189: 17.9 | BF189: 44777.435 | BG189: 16.9 | BH189: 44777.445 | BI189: 15.9 | BJ189: 44777.456 | BK189: 15.4 | BL189: 44777.466 | BM189: 15.2 | BN189: 44777.476 | BO189: 15.5 | BP189: 44777.487 | BQ189: 16.2 | BR189: 44777.497 | BS189: 16.3 | BT189: 44777.508 | BU189: 16.1 | BW189: {=INDEX($AC189:$BU189, 2*(COLUMN(BV189)-COLUMN($BV189))+1)} -> 9.4 | BX189: {=INDEX($AC189:$BU189, 2*(COLUMN(BW189)-COLUMN($BV189))+1)} -> 9.6 | BY189: {=INDEX($AC189:$BU189, 2*(COLUMN(BX189)-COLUMN($BV189))+1)} -> 10.9 | BZ189: {=INDEX($AC189:$BU189, 2*(COLUMN(BY189)-COLUMN($BV189))+1)} -> 13.3 | CA189: {=INDEX($AC189:$BU189, 2*(COLUMN(BZ189)-COLUMN($BV189))+1)} -> 15.9 | CB189: {=INDEX($AC189:$BU189, 2*(COLUMN(CA189)-COLUMN($BV189))+1)} -> 18.1 | CC189: {=INDEX($AC189:$BU189, 2*(COLUMN(CB189)-COLUMN($BV189))+1)} -> 19.5 | CD189: {=INDEX($AC189:$BU189, 2*(COLUMN(CC189)-COLUMN($BV189))+1)} -> 19.9 | ... CS189: {=INDEX($AC189:$BU189, 2*(COLUMN(CR189)-COLUMN($BV189))+1)} -> 16.1
A190: 655526 | B190: 正常 | D190: 45182 | E190: 45182.292 | F190: 9.46 | G190: 7.2 | H190: 6.5 | I190: 6.7133333 | J190: 7.7266667 | K190: 9.3 | L190: 10.533333 | M190: 10.9 | N190: 10.873333 | O190: 10.773333 | P190: 10.54 | Q190: 9.9666667 | R190: 9.6533333 | S190: 9.8 | T190: 10.9 | U190: 86 | V190: 0.043023256 | W190: -0.011702128 | X190: 1679.7 | Y190: 0 | Z190: 1679.7 | AA190: -1679.7 | AB190: 45182.278 | AC190: 7.4 | AD190: 45182.289 | AE190: 7 | AF190: 45182.299 | AG190: 6.5 | AH190: 45182.31 | AI190: 6.5 | AJ190: 45182.32 | AK190: 7.3 | AL190: 45182.331 | AM190: 8.9 | AN190: 45182.341 | AO190: 10.4 | AP190: 45182.351 | AQ190: 10.9 | AR190: 45182.362 | AS190: 10.9 | AT190: 45182.372 | AU190: 10.8 | AV190: 45182.383 | AW190: 10.7 | AX190: 45182.393 | AY190: 10.1 | AZ190: 45182.403 | BA190: 9.6 | BB190: 45182.414 | BC190: 9.8 | BD190: 45182.424 | BE190: 9.9 | BF190: 45182.435 | BG190: 9.8 | BH190: 45182.445 | BI190: 9.3 | BJ190: 45182.456 | BK190: 8.5 | BL190: 45182.466 | BM190: 8.6 | BN190: 45182.476 | BO190: 8.9 | BP190: 45182.487 | BQ190: 8.4 | BR190: 45182.497 | BS190: 7.5 | BT190: 45182.508 | BU190: 6.6 | BW190: {=INDEX($AC190:$BU190, 2*(COLUMN(BV190)-COLUMN($BV190))+1)} -> 7.4 | BX190: {=INDEX($AC190:$BU190, 2*(COLUMN(BW190)-COLUMN($BV190))+1)} -> 7 | BY190: {=INDEX($AC190:$BU190, 2*(COLUMN(BX190)-COLUMN($BV190))+1)} -> 6.5 | BZ190: {=INDEX($AC190:$BU190, 2*(COLUMN(BY190)-COLUMN($BV190))+1)} -> 6.5 | CA190: {=INDEX($AC190:$BU190, 2*(COLUMN(BZ190)-COLUMN($BV190))+1)} -> 7.3 | CB190: {=INDEX($AC190:$BU190, 2*(COLUMN(CA190)-COLUMN($BV190))+1)} -> 8.9 | CC190: {=INDEX($AC190:$BU190, 2*(COLUMN(CB190)-COLUMN($BV190))+1)} -> 10.4 | CD190: {=INDEX($AC190:$BU190, 2*(COLUMN(CC190)-COLUMN($BV190))+1)} -> 10.9 | ... CS190: {=INDEX($AC190:$BU190, 2*(COLUMN(CR190)-COLUMN($BV190))+1)} -> 6.6
A191: 655008 | B191: 正常 | D191: 44477 | E191: 44477.292 | F191: 14 | G191: 12.55 | H191: 13.833333 | I191: 15.633333 | J191: 17.766667 | K191: 19.666667 | L191: 21.266667 | M191: 22.333333 | N191: 22.466667 | O191: 22.233333 | P191: 22.4 | Q191: 22.466667 | R191: 21.866667 | S191: 21.2 | T191: 22.6 | U191: 100 | V191: 0.1005 | W191: -0.0175 | X191: 3582.125 | Y191: 0 | Z191: 3582.125 | AA191: -3582.125 | AB191: 44477.278 | AC191: 12.4 | AD191: 44477.288 | AE191: 12.7 | AF191: 44477.299 | AG191: 13.3 | AH191: 44477.309 | AI191: 14.9 | AJ191: 44477.319 | AK191: 17.1 | AL191: 44477.33 | AM191: 19.1 | AN191: 44477.34 | AO191: 20.8 | AP191: 44477.351 | AQ191: 22.2 | AR191: 44477.361 | AS191: 22.6 | AT191: 44477.372 | AU191: 22.2 | AV191: 44477.382 | AW191: 22.3 | AX191: 44477.392 | AY191: 22.6 | AZ191: 44477.403 | BA191: 22.2 | BB191: 44477.413 | BC191: 21.2 | BD191: 44477.424 | BE191: 20.1 | BF191: 44477.434 | BG191: 19.1 | BH191: 44477.444 | BI191: 18.2 | BJ191: 44477.455 | BK191: 17.1 | BL191: 44477.465 | BM191: 15.8 | BN191: 44477.476 | BO191: 15.4 | BP191: 44477.486 | BQ191: 14.4 | BR191: 44477.497 | BS191: 14.2 | BT191: 44477.507 | BU191: 15.3 | BW191: {=INDEX($AC191:$BU191, 2*(COLUMN(BV191)-COLUMN($BV191))+1)} -> 12.4 | BX191: {=INDEX($AC191:$BU191, 2*(COLUMN(BW191)-COLUMN($BV191))+1)} -> 12.7 | BY191: {=INDEX($AC191:$BU191, 2*(COLUMN(BX191)-COLUMN($BV191))+1)} -> 13.3 | BZ191: {=INDEX($AC191:$BU191, 2*(COLUMN(BY191)-COLUMN($BV191))+1)} -> 14.9 | CA191: {=INDEX($AC191:$BU191, 2*(COLUMN(BZ191)-COLUMN($BV191))+1)} -> 17.1 | CB191: {=INDEX($AC191:$BU191, 2*(COLUMN(CA191)-COLUMN($BV191))+1)} -> 19.1 | CC191: {=INDEX($AC191:$BU191, 2*(COLUMN(CB191)-COLUMN($BV191))+1)} -> 20.8 | CD191: {=INDEX($AC191:$BU191, 2*(COLUMN(CC191)-COLUMN($BV191))+1)} -> 22.2 | ... CS191: {=INDEX($AC191:$BU191, 2*(COLUMN(CR191)-COLUMN($BV191))+1)} -> 15.3
A192: 657180 | B192: 正常 | D192: 45412 | E192: 45412.292 | F192: 15.09816 | G192: 13.466667 | H192: 14.4 | I192: 14.8 | J192: 15.3 | K192: 15.3 | L192: 15.1 | M192: 15.6 | N192: 15.5 | O192: 14.6 | P192: 14.1 | Q192: 13.5 | R192: 12.4 | S192: 10.7 | T192: 15.6 | U192: 90 | V192: 0.023703704 | W192: -0.054444444 | X192: 2590.25 | Y192: 0 | Z192: 2590.25 | AA192: -2590.25 | AB192: 45412.271 | AC192: 13.3 | AD192: 45412.281 | AE192: 13.3 | AF192: 45412.292 | AG192: 13.8 | AH192: 45412.302 | AI192: 14.4 | AJ192: 45412.312 | AK192: 14.8 | AL192: 45412.323 | AM192: 15.3 | AN192: 45412.333 | AO192: 15.3 | AP192: 45412.344 | AQ192: 15.1 | AR192: 45412.354 | AS192: 15.6 | AT192: 45412.365 | AU192: 15.5 | AV192: 45412.375 | AW192: 14.6 | AX192: 45412.385 | AY192: 14.1 | AZ192: 45412.396 | BA192: 13.5 | BB192: 45412.406 | BC192: 12.4 | BD192: 45412.417 | BE192: 10.7 | BF192: 45412.427 | BG192: 9.4 | BH192: 45412.438 | BI192: 9.1 | BJ192: 45412.448 | BK192: 8.4 | BL192: 45412.458 | BM192: 8.2 | BN192: 45412.469 | BO192: 8.4 | BP192: 45412.479 | BQ192: 8.7 | BR192: 45412.49 | BS192: 8.7 | BT192: 45412.5 | BU192: 8.2 | BW192: {=INDEX($AC192:$BU192, 2*(COLUMN(BV192)-COLUMN($BV192))+1)} -> 13.3 | BX192: {=INDEX($AC192:$BU192, 2*(COLUMN(BW192)-COLUMN($BV192))+1)} -> 13.3 | BY192: {=INDEX($AC192:$BU192, 2*(COLUMN(BX192)-COLUMN($BV192))+1)} -> 13.8 | BZ192: {=INDEX($AC192:$BU192, 2*(COLUMN(BY192)-COLUMN($BV192))+1)} -> 14.4 | CA192: {=INDEX($AC192:$BU192, 2*(COLUMN(BZ192)-COLUMN($BV192))+1)} -> 14.8 | CB192: {=INDEX($AC192:$BU192, 2*(COLUMN(CA192)-COLUMN($BV192))+1)} -> 15.3 | CC192: {=INDEX($AC192:$BU192, 2*(COLUMN(CB192)-COLUMN($BV192))+1)} -> 15.3 | CD192: {=INDEX($AC192:$BU192, 2*(COLUMN(CC192)-COLUMN($BV192))+1)} -> 15.1 | ... CS192: {=INDEX($AC192:$BU192, 2*(COLUMN(CR192)-COLUMN($BV192))+1)} -> 8.2
A193: 657213 | B193: 正常 | D193: 45154 | E193: 45154.292 | F193: 8.3412574 | G193: 7.3 | H193: 7.3 | I193: 7.36 | J193: 7.62 | K193: 7.68 | L193: 7.62 | M193: 7.76 | N193: 8.06 | O193: 8.26 | P193: 8 | Q193: 7.56 | R193: 7.48 | S193: 7.8 | T193: 8.3 | U193: 117 | V193: 0.0085470085 | W193: -0.0079365079 | X193: 1383.75 | Y193: 0 | Z193: 1383.75 | AA193: -1383.75 | AB193: 45154.279 | AC193: 7.3 | AD193: 45154.29 | AE193: 7.3 | AF193: 45154.3 | AG193: 7.3 | AH193: 45154.31 | AI193: 7.3 | AJ193: 45154.321 | AK193: 7.6 | AL193: 45154.331 | AM193: 7.7 | AN193: 45154.342 | AO193: 7.6 | AP193: 45154.352 | AQ193: 7.7 | AR193: 45154.363 | AS193: 8 | AT193: 45154.373 | AU193: 8.3 | AV193: 45154.383 | AW193: 8.1 | AX193: 45154.394 | AY193: 7.6 | AZ193: 45154.404 | BA193: 7.4 | BB193: 45154.415 | BC193: 7.8 | BD193: 45154.425 | BE193: 8.1 | BF193: 45154.435 | BG193: 7.8 | BH193: 45154.446 | BI193: 7.2 | BJ193: 45154.456 | BK193: 7 | BL193: 45154.467 | BM193: 7.6 | BN193: 45154.477 | BO193: 8.4 | BP193: 45154.488 | BQ193: 8.9 | BR193: 45154.498 | BS193: 9.1 | BT193: 45154.508 | BU193: 9 | BW193: {=INDEX($AC193:$BU193, 2*(COLUMN(BV193)-COLUMN($BV193))+1)} -> 7.3 | BX193: {=INDEX($AC193:$BU193, 2*(COLUMN(BW193)-COLUMN($BV193))+1)} -> 7.3 | BY193: {=INDEX($AC193:$BU193, 2*(COLUMN(BX193)-COLUMN($BV193))+1)} -> 7.3 | BZ193: {=INDEX($AC193:$BU193, 2*(COLUMN(BY193)-COLUMN($BV193))+1)} -> 7.3 | CA193: {=INDEX($AC193:$BU193, 2*(COLUMN(BZ193)-COLUMN($BV193))+1)} -> 7.6 | CB193: {=INDEX($AC193:$BU193, 2*(COLUMN(CA193)-COLUMN($BV193))+1)} -> 7.7 | CC193: {=INDEX($AC193:$BU193, 2*(COLUMN(CB193)-COLUMN($BV193))+1)} -> 7.6 | CD193: {=INDEX($AC193:$BU193, 2*(COLUMN(CC193)-COLUMN($BV193))+1)} -> 7.7 | ... CS193: {=INDEX($AC193:$BU193, 2*(COLUMN(CR193)-COLUMN($BV193))+1)} -> 9
... A212: 694015 | B212: 正常 | D212: 44716 | E212: 44716.292 | F212: 8.12 | G212: 6.4 | H212: 6.72 | I212: 6.82 | J212: 6.92 | K212: 7 | L212: 7 | M212: 6.94 | N212: 6.68 | O212: 6.82 | P212: 8.04 | Q212: 9.64 | R212: 10.78 | S212: 11.5 | T212: 11.5 | U212: 177 | V212: 0.028813559 | W212: 0 | X212: 1384.65 | Y212: 0 | Z212: 1384.65 | AA212: -1384.65 | AB212: 44716.279 | AC212: 6.4 | AD212: 44716.29 | AE212: 6.4 | AF212: 44716.3 | AG212: 6.7 | AH212: 44716.31 | AI212: 6.8 | AJ212: 44716.321 | AK212: 6.9 | AL212: 44716.331 | AM212: 7 | AN212: 44716.342 | AO212: 7 | AP212: 44716.352 | AQ212: 7 | AR212: 44716.363 | AS212: 6.7 | AT212: 44716.373 | AU212: 6.6 | AV212: 44716.383 | AW212: 7.7 | AX212: 44716.394 | AY212: 9.4 | AZ212: 44716.404 | BA212: 10.6 | BB212: 44716.415 | BC212: 11.5 | BD212: 44716.425 | BE212: 12.4 | BF212: 44716.435 | BG212: 12.8 | BH212: 44716.446 | BI212: 12.3 | BJ212: 44716.456 | BK212: 11 | BL212: 44716.467 | BM212: 9.6 | BN212: 44716.477 | BO212: 9.1 | BP212: 44716.488 | BQ212: 9.3 | BR212: 44716.498 | BS212: 8.8 | BT212: 44716.508 | BU212: 8.4 | BW212: {=INDEX($AC212:$BU212, 2*(COLUMN(BV212)-COLUMN($BV212))+1)} -> 6.4 | BX212: {=INDEX($AC212:$BU212, 2*(COLUMN(BW212)-COLUMN($BV212))+1)} -> 6.4 | BY212: {=INDEX($AC212:$BU212, 2*(COLUMN(BX212)-COLUMN($BV212))+1)} -> 6.7 | BZ212: {=INDEX($AC212:$BU212, 2*(COLUMN(BY212)-COLUMN($BV212))+1)} -> 6.8 | CA212: {=INDEX($AC212:$BU212, 2*(COLUMN(BZ212)-COLUMN($BV212))+1)} -> 6.9 | CB212: {=INDEX($AC212:$BU212, 2*(COLUMN(CA212)-COLUMN($BV212))+1)} -> 7 | CC212: {=INDEX($AC212:$BU212, 2*(COLUMN(CB212)-COLUMN($BV212))+1)} -> 7 | CD212: {=INDEX($AC212:$BU212, 2*(COLUMN(CC212)-COLUMN($BV212))+1)} -> 7 | ... CS212: {=INDEX($AC212:$BU212, 2*(COLUMN(CR212)-COLUMN($BV212))+1)} -> 8.4
A213: 700173 | B213: 正常 | D213: 45082 | E213: 45082.292 | F213: 10.28 | G213: 10.166667 | H213: 7.9 | I213: 7.4 | J213: 7.7 | K213: 8.1 | L213: 7.9 | M213: 7.7 | N213: 7.8 | O213: 8 | P213: 8.2 | Q213: 8.5 | R213: 8.9 | S213: 9.4 | T213: 9.4 | U213: 180 | V213: -0.0042592593 | X213: 1468.25 | Y213: 0 | Z213: 1468.25 | AA213: -1468.25 | AB213: 45082.271 | AC213: 11 | AD213: 45082.281 | AE213: 10.3 | AF213: 45082.292 | AG213: 9.2 | AH213: 45082.302 | AI213: 7.9 | AJ213: 45082.312 | AK213: 7.4 | AL213: 45082.323 | AM213: 7.7 | AN213: 45082.333 | AO213: 8.1 | AP213: 45082.344 | AQ213: 7.9 | AR213: 45082.354 | AS213: 7.7 | AT213: 45082.365 | AU213: 7.8 | AV213: 45082.375 | AW213: 8 | AX213: 45082.385 | AY213: 8.2 | AZ213: 45082.396 | BA213: 8.5 | BB213: 45082.406 | BC213: 8.9 | BD213: 45082.417 | BE213: 9.4 | BF213: 45082.427 | BG213: 9.8 | BH213: 45082.438 | BI213: 10.3 | BJ213: 45082.448 | BK213: 10.6 | BL213: 45082.458 | BM213: 10.5 | BN213: 45082.469 | BO213: 10.2 | BP213: 45082.479 | BQ213: 9.9 | BR213: 45082.49 | BS213: 10.2 | BT213: 45082.5 | BU213: 10.2 | BW213: {=INDEX($AC213:$BU213, 2*(COLUMN(BV213)-COLUMN($BV213))+1)} -> 11 | BX213: {=INDEX($AC213:$BU213, 2*(COLUMN(BW213)-COLUMN($BV213))+1)} -> 10.3 | BY213: {=INDEX($AC213:$BU213, 2*(COLUMN(BX213)-COLUMN($BV213))+1)} -> 9.2 | BZ213: {=INDEX($AC213:$BU213, 2*(COLUMN(BY213)-COLUMN($BV213))+1)} -> 7.9 | CA213: {=INDEX($AC213:$BU213, 2*(COLUMN(BZ213)-COLUMN($BV213))+1)} -> 7.4 | CB213: {=INDEX($AC213:$BU213, 2*(COLUMN(CA213)-COLUMN($BV213))+1)} -> 7.7 | CC213: {=INDEX($AC213:$BU213, 2*(COLUMN(CB213)-COLUMN($BV213))+1)} -> 8.1 | CD213: {=INDEX($AC213:$BU213, 2*(COLUMN(CC213)-COLUMN($BV213))+1)} -> 7.9 | ... CS213: {=INDEX($AC213:$BU213, 2*(COLUMN(CR213)-COLUMN($BV213))+1)} -> 10.2
A214: 699826 | B214: 正常 | D214: 44331 | E214: 44331.292 | F214: 8 | G214: 7.85 | H214: 10.286667 | I214: 10.453333 | J214: 10.306667 | K214: 9.92 | L214: 9.0866667 | M214: 8.1266667 | N214: 8.12 | O214: 9.02 | P214: 9.4533333 | Q214: 9.0266667 | R214: 8.18 | S214: 7.7 | T214: 10.5 | U214: 23 | V214: 0.11521739 | W214: -0.017834395 | X214: 1646.325 | Y214: 0 | Z214: 1646.325 | AA214: -1646.325 | AB214: 44331.276 | AC214: 7.3 | AD214: 44331.287 | AE214: 8.4 | AF214: 44331.297 | AG214: 10.1 | AH214: 44331.308 | AI214: 10.5 | AJ214: 44331.318 | AK214: 10.4 | AL214: 44331.328 | AM214: 10.2 | AN214: 44331.339 | AO214: 9.6 | AP214: 44331.349 | AQ214: 8.5 | AR214: 44331.36 | AS214: 7.7 | AT214: 44331.37 | AU214: 8.6 | AV214: 44331.381 | AW214: 9.5 | AX214: 44331.391 | AY214: 9.4 | AZ214: 44331.401 | BA214: 8.6 | BB214: 44331.412 | BC214: 7.7 | BD214: 44331.422 | BE214: 7.1 | BF214: 44331.433 | BG214: 6.4 | BH214: 44331.443 | BI214: 6.1 | BJ214: 44331.453 | BK214: 5.8 | BL214: 44331.464 | BM214: 5.3 | BN214: 44331.474 | BO214: 5.7 | BP214: 44331.485 | BQ214: 8.3 | BR214: 44331.495 | BS214: 11.3 | BT214: 44331.506 | BU214: 12.9 | BW214: {=INDEX($AC214:$BU214, 2*(COLUMN(BV214)-COLUMN($BV214))+1)} -> 7.3 | BX214: {=INDEX($AC214:$BU214, 2*(COLUMN(BW214)-COLUMN($BV214))+1)} -> 8.4 | BY214: {=INDEX($AC214:$BU214, 2*(COLUMN(BX214)-COLUMN($BV214))+1)} -> 10.1 | BZ214: {=INDEX($AC214:$BU214, 2*(COLUMN(BY214)-COLUMN($BV214))+1)} -> 10.5 | CA214: {=INDEX($AC214:$BU214, 2*(COLUMN(BZ214)-COLUMN($BV214))+1)} -> 10.4 | CB214: {=INDEX($AC214:$BU214, 2*(COLUMN(CA214)-COLUMN($BV214))+1)} -> 10.2 | CC214: {=INDEX($AC214:$BU214, 2*(COLUMN(CB214)-COLUMN($BV214))+1)} -> 9.6 | CD214: {=INDEX($AC214:$BU214, 2*(COLUMN(CC214)-COLUMN($BV214))+1)} -> 8.5 | ... CS214: {=INDEX($AC214:$BU214, 2*(COLUMN(CR214)-COLUMN($BV214))+1)} -> 12.9
A215: 701227 | B215: 正常 | D215: 44068 | E215: 44068.292 | F215: 12.84 | G215: 10.92 | H215: 12.964 | I215: 14.858667 | J215: 15.759333 | K215: 15.591333 | L215: 15.036667 | M215: 14.454667 | N215: 14.255333 | O215: 14.746 | P215: 14.902 | Q215: 14.394667 | R215: 13.902 | S215: 13.72 | T215: 15.89 | U215: 52 | V215: 0.095576923 | W215: -0.016953125 | X215: 2597.77 | Y215: 0 | Z215: 2597.77 | AA215: -2597.77 | AB215: 44068.276 | AC215: 11.06 | AD215: 44068.286 | AE215: 10.78 | AF215: 44068.297 | AG215: 11.78 | AH215: 44068.307 | AI215: 14 | AJ215: 44068.317 | AK215: 15.61 | AL215: 44068.328 | AM215: 15.89 | AN215: 44068.338 | AO215: 15.33 | AP215: 44068.349 | AQ215: 14.78 | AR215: 44068.359 | AS215: 14.17 | AT215: 44068.369 | AU215: 14.33 | AV215: 44068.38 | AW215: 15.11 | AX215: 44068.39 | AY215: 14.72 | AZ215: 44068.401 | BA215: 14.11 | BB215: 44068.411 | BC215: 13.72 | BD215: 44068.422 | BE215: 12.78 | BF215: 44068.432 | BG215: 11.28 | BH215: 44068.442 | BI215: 9.94 | BJ215: 44068.453 | BK215: 9.61 | BL215: 44068.463 | BM215: 9.33 | BN215: 44068.474 | BO215: 8.94 | BP215: 44068.484 | BQ215: 8.72 | BR215: 44068.494 | BS215: 8.33 | BT215: 44068.505 | BU215: 8.28 | BW215: {=INDEX($AC215:$BU215, 2*(COLUMN(BV215)-COLUMN($BV215))+1)} -> 11.06 | BX215: {=INDEX($AC215:$BU215, 2*(COLUMN(BW215)-COLUMN($BV215))+1)} -> 10.78 | BY215: {=INDEX($AC215:$BU215, 2*(COLUMN(BX215)-COLUMN($BV215))+1)} -> 11.78 | BZ215: {=INDEX($AC215:$BU215, 2*(COLUMN(BY215)-COLUMN($BV215))+1)} -> 14 | CA215: {=INDEX($AC215:$BU215, 2*(COLUMN(BZ215)-COLUMN($BV215))+1)} -> 15.61 | CB215: {=INDEX($AC215:$BU215, 2*(COLUMN(CA215)-COLUMN($BV215))+1)} -> 15.89 | CC215: {=INDEX($AC215:$BU215, 2*(COLUMN(CB215)-COLUMN($BV215))+1)} -> 15.33 | CD215: {=INDEX($AC215:$BU215, 2*(COLUMN(CC215)-COLUMN($BV215))+1)} -> 14.78 | ... CS215: {=INDEX($AC215:$BU215, 2*(COLUMN(CR215)-COLUMN($BV215))+1)} -> 8.28
A216: 702022 | B216: 正常 | D216: 45317 | E216: 45317.292 | F216: 7.53 | G216: 9.2 | H216: 7.22 | I216: 7.02 | J216: 7.28 | K216: 7.4 | L216: 7.22 | M216: 7.16 | N216: 7.5 | O216: 7.82 | P216: 7.96 | Q216: 7.88 | R216: 7.74 | S216: 7.7 | T216: 8 | U216: 141 | V216: -0.0085106383 | W216: -0.0076923077 | X216: 1359.75 | Y216: 0 | Z216: 1359.75 | AA216: -1359.75 | AB216: 45317.275 | AC216: 9.5 | AD216: 45317.285 | AE216: 8.9 | AF216: 45317.296 | AG216: 7.7 | AH216: 45317.306 | AI216: 6.9 | AJ216: 45317.317 | AK216: 7.1 | AL216: 45317.327 | AM216: 7.4 | AN216: 45317.338 | AO216: 7.4 | AP216: 45317.348 | AQ216: 7.1 | AR216: 45317.358 | AS216: 7.2 | AT216: 45317.369 | AU216: 7.7 | AV216: 45317.379 | AW216: 7.9 | AX216: 45317.39 | AY216: 8 | AZ216: 45317.4 | BA216: 7.8 | BB216: 45317.41 | BC216: 7.7 | BD216: 45317.421 | BE216: 7.9 | BF216: 45317.431 | BG216: 8.2 | BH216: 45317.442 | BI216: 8.3 | BJ216: 45317.452 | BK216: 8.2 | BL216: 45317.463 | BM216: 7.9 | BN216: 45317.473 | BO216: 7.7 | BP216: 45317.483 | BQ216: 7.4 | BR216: 45317.494 | BS216: 7.2 | BT216: 45317.504 | BU216: 7.1 | BW216: {=INDEX($AC216:$BU216, 2*(COLUMN(BV216)-COLUMN($BV216))+1)} -> 9.5 | BX216: {=INDEX($AC216:$BU216, 2*(COLUMN(BW216)-COLUMN($BV216))+1)} -> 8.9 | BY216: {=INDEX($AC216:$BU216, 2*(COLUMN(BX216)-COLUMN($BV216))+1)} -> 7.7 | BZ216: {=INDEX($AC216:$BU216, 2*(COLUMN(BY216)-COLUMN($BV216))+1)} -> 6.9 | CA216: {=INDEX($AC216:$BU216, 2*(COLUMN(BZ216)-COLUMN($BV216))+1)} -> 7.1 | CB216: {=INDEX($AC216:$BU216, 2*(COLUMN(CA216)-COLUMN($BV216))+1)} -> 7.4 | CC216: {=INDEX($AC216:$BU216, 2*(COLUMN(CB216)-COLUMN($BV216))+1)} -> 7.4 | CD216: {=INDEX($AC216:$BU216, 2*(COLUMN(CC216)-COLUMN($BV216))+1)} -> 7.1 | ... CS216: {=INDEX($AC216:$BU216, 2*(COLUMN(CR216)-COLUMN($BV216))+1)} -> 7.1
A217: 702205 | B217: 正常 | D217: 45245 | E217: 45245.292 | F217: 12.11154 | G217: 11.05 | H217: 10.966667 | I217: 10.766667 | J217: 10.5 | K217: 10.566667 | L217: 10.633333 | M217: 10.266667 | N217: 9.5 | O217: 8.8666667 | P217: 8.9 | Q217: 9.1 | R217: 9.1333333 | S217: 9.2 | T217: 11 | U217: 10 | V217: -0.005 | W217: -0.010588235 | X217: 1789.875 | Y217: 0 | Z217: 1789.875 | AA217: -1789.875 | AB217: 45245.278 | AC217: 11.1 | AD217: 45245.288 | AE217: 11 | AF217: 45245.299 | AG217: 11 | AH217: 45245.309 | AI217: 10.9 | AJ217: 45245.319 | AK217: 10.5 | AL217: 45245.33 | AM217: 10.5 | AN217: 45245.34 | AO217: 10.7 | AP217: 45245.351 | AQ217: 10.5 | AR217: 45245.361 | AS217: 9.8 | AT217: 45245.372 | AU217: 8.9 | AV217: 45245.382 | AW217: 8.8 | AX217: 45245.392 | AY217: 9.1 | AZ217: 45245.403 | BA217: 9.1 | BB217: 45245.413 | BC217: 9.2 | BD217: 45245.424 | BE217: 9.9 | BF217: 45245.434 | BG217: 10.6 | BH217: 45245.444 | BI217: 10.8 | BJ217: 45245.455 | BK217: 10.8 | BL217: 45245.465 | BM217: 11.3 | BN217: 45245.476 | BO217: 12.1 | BP217: 45245.486 | BQ217: 12.2 | BR217: 45245.497 | BS217: 12.6 | BT217: 45245.507 | BU217: 13.3 | BW217: {=INDEX($AC217:$BU217, 2*(COLUMN(BV217)-COLUMN($BV217))+1)} -> 11.1 | BX217: {=INDEX($AC217:$BU217, 2*(COLUMN(BW217)-COLUMN($BV217))+1)} -> 11 | BY217: {=INDEX($AC217:$BU217, 2*(COLUMN(BX217)-COLUMN($BV217))+1)} -> 11 | BZ217: {=INDEX($AC217:$BU217, 2*(COLUMN(BY217)-COLUMN($BV217))+1)} -> 10.9 | CA217: {=INDEX($AC217:$BU217, 2*(COLUMN(BZ217)-COLUMN($BV217))+1)} -> 10.5 | CB217: {=INDEX($AC217:$BU217, 2*(COLUMN(CA217)-COLUMN($BV217))+1)} -> 10.5 | CC217: {=INDEX($AC217:$BU217, 2*(COLUMN(CB217)-COLUMN($BV217))+1)} -> 10.7 | CD217: {=INDEX($AC217:$BU217, 2*(COLUMN(CC217)-COLUMN($BV217))+1)} -> 10.5 | ... CS217: {=INDEX($AC217:$BU217, 2*(COLUMN(CR217)-COLUMN($BV217))+1)} -> 13.3
A218: 701701 | B218: 正常 | D218: 44074 | E218: 44074.292 | F218: 10.29 | G218: 8.665 | H218: 10.376 | I218: 12.878 | J218: 15.39 | K218: 17.53 | L218: 18.74 | M218: 19.036 | N218: 18.612 | O218: 18.412 | P218: 18.302 | Q218: 17.656 | R218: 16.788 | S218: 16.61 | T218: 19.06 | U218: 93 | V218: 0.11177419 | W218: -0.02816092 | X218: 2945.3625 | Y218: 0 | Z218: 2945.3625 | AA218: -2945.3625 | AB218: 44074.273 | AC218: 8.83 | AD218: 44074.283 | AE218: 8.5 | AF218: 44074.294 | AG218: 8.56 | AH218: 44074.304 | AI218: 10.83 | AJ218: 44074.315 | AK218: 13.39 | AL218: 44074.325 | AM218: 15.89 | AN218: 44074.335 | AO218: 17.94 | AP218: 44074.346 | AQ218: 18.94 | AR218: 44074.356 | AS218: 19.06 | AT218: 44074.367 | AU218: 18.5 | AV218: 44074.377 | AW218: 18.39 | AX218: 44074.387 | AY218: 18.28 | AZ218: 44074.398 | BA218: 17.5 | BB218: 44074.408 | BC218: 16.61 | BD218: 44074.419 | BE218: 15.89 | BF218: 44074.429 | BG218: 14.94 | BH218: 44074.44 | BI218: 14.28 | BJ218: 44074.45 | BK218: 13.94 | BL218: 44074.46 | BM218: 13.22 | BN218: 44074.471 | BO218: 12.44 | BP218: 44074.481 | BQ218: 12.22 | BR218: 44074.492 | BS218: 12.89 | BT218: 44074.502 | BU218: 13.33 | BW218: {=INDEX($AC218:$BU218, 2*(COLUMN(BV218)-COLUMN($BV218))+1)} -> 8.83 | BX218: {=INDEX($AC218:$BU218, 2*(COLUMN(BW218)-COLUMN($BV218))+1)} -> 8.5 | BY218: {=INDEX($AC218:$BU218, 2*(COLUMN(BX218)-COLUMN($BV218))+1)} -> 8.56 | BZ218: {=INDEX($AC218:$BU218, 2*(COLUMN(BY218)-COLUMN($BV218))+1)} -> 10.83 | CA218: {=INDEX($AC218:$BU218, 2*(COLUMN(BZ218)-COLUMN($BV218))+1)} -> 13.39 | CB218: {=INDEX($AC218:$BU218, 2*(COLUMN(CA218)-COLUMN($BV218))+1)} -> 15.89 | CC218: {=INDEX($AC218:$BU218, 2*(COLUMN(CB218)-COLUMN($BV218))+1)} -> 17.94 | CD218: {=INDEX($AC218:$BU218, 2*(COLUMN(CC218)-COLUMN($BV218))+1)} -> 18.94 | ... CS218: {=INDEX($AC218:$BU218, 2*(COLUMN(CR218)-COLUMN($BV218))+1)} -> 13.33
A219: 703357 | B219: 正常 | D219: 45092 | E219: 45092.292 | F219: 15.48 | G219: 15.25 | H219: 14.92 | I219: 14.6 | J219: 13.94 | K219: 13.12 | L219: 12.58 | M219: 11.76 | N219: 10.76 | O219: 10.42 | P219: 9.56 | Q219: 8.98 | R219: 9.3 | S219: 9.6 | T219: 15 | U219: 9 | V219: -0.027777778 | W219: -0.031578947 | X219: 2135.475 | Y219: 0 | Z219: 2135.475 | AA219: -2135.475 | AB219: 45092.277 | AC219: 15.4 | AD219: 45092.287 | AE219: 15.1 | AF219: 45092.298 | AG219: 15 | AH219: 45092.308 | AI219: 14.8 | AJ219: 45092.319 | AK219: 14.3 | AL219: 45092.329 | AM219: 13.4 | AN219: 45092.34 | AO219: 12.7 | AP219: 45092.35 | AQ219: 12.4 | AR219: 45092.36 | AS219: 10.8 | AT219: 45092.371 | AU219: 10.7 | AV219: 45092.381 | AW219: 10 | AX219: 45092.392 | AY219: 8.9 | AZ219: 45092.402 | BA219: 9.1 | BB219: 45092.412 | BC219: 9.6 | BD219: 45092.423 | BE219: 9.2 | BF219: 45092.433 | BG219: 8.8 | BH219: 45092.444 | BI219: 8.6 | BJ219: 45092.454 | BK219: 8.2 | BL219: 45092.465 | BM219: 7.2 | BN219: 45092.475 | BO219: 5.7 | BP219: 45092.485 | BQ219: 6.9 | BR219: 45092.496 | BS219: 9.9 | BT219: 45092.506 | BU219: 9.9 | BW219: {=INDEX($AC219:$BU219, 2*(COLUMN(BV219)-COLUMN($BV219))+1)} -> 15.4 | BX219: {=INDEX($AC219:$BU219, 2*(COLUMN(BW219)-COLUMN($BV219))+1)} -> 15.1 | BY219: {=INDEX($AC219:$BU219, 2*(COLUMN(BX219)-COLUMN($BV219))+1)} -> 15 | BZ219: {=INDEX($AC219:$BU219, 2*(COLUMN(BY219)-COLUMN($BV219))+1)} -> 14.8 | CA219: {=INDEX($AC219:$BU219, 2*(COLUMN(BZ219)-COLUMN($BV219))+1)} -> 14.3 | CB219: {=INDEX($AC219:$BU219, 2*(COLUMN(CA219)-COLUMN($BV219))+1)} -> 13.4 | CC219: {=INDEX($AC219:$BU219, 2*(COLUMN(CB219)-COLUMN($BV219))+1)} -> 12.7 | CD219: {=INDEX($AC219:$BU219, 2*(COLUMN(CC219)-COLUMN($BV219))+1)} -> 12.4 | ... CS219: {=INDEX($AC219:$BU219, 2*(COLUMN(CR219)-COLUMN($BV219))+1)} -> 9.9
A220: 702375 | B220: 正常 | D220: 44082 | E220: 44082.292 | F220: 6.8 | G220: 9 | H220: 11.573333 | I220: 13.26 | J220: 14.073333 | K220: 14.886667 | L220: 16.033333 | M220: 16.626667 | N220: 16.28 | O220: 16.54 | P220: 17.52 | Q220: 17.336667 | R220: 16.906667 | S220: 16.83 | T220: 17.89 | U220: 140 | V220: 0.0635 | W220: -0.0265 | X220: 2759.275 | Y220: 0 | Z220: 2759.275 | AA220: -2759.275 | AB220: 44082.274 | AC220: 8.67 | AD220: 44082.285 | AE220: 9.33 | AF220: 44082.295 | AG220: 10.28 | AH220: 44082.306 | AI220: 12.22 | AJ220: 44082.316 | AK220: 13.78 | AL220: 44082.326 | AM220: 14.22 | AN220: 44082.337 | AO220: 15.22 | AP220: 44082.347 | AQ220: 16.44 | AR220: 44082.358 | AS220: 16.72 | AT220: 44082.368 | AU220: 16.06 | AV220: 44082.378 | AW220: 16.78 | AX220: 44082.389 | AY220: 17.89 | AZ220: 44082.399 | BA220: 17.06 | BB220: 44082.41 | BC220: 16.83 | BD220: 44082.42 | BE220: 16.72 | BF220: 44082.431 | BG220: 16.67 | BH220: 44082.441 | BI220: 16.11 | BJ220: 44082.451 | BK220: 14.39 | BL220: 44082.462 | BM220: 13.56 | BN220: 44082.472 | BO220: 12.83 | BP220: 44082.483 | BQ220: 12.33 | BR220: 44082.493 | BS220: 13.22 | BT220: 44082.503 | BU220: 14.22 | BW220: {=INDEX($AC220:$BU220, 2*(COLUMN(BV220)-COLUMN($BV220))+1)} -> 8.67 | BX220: {=INDEX($AC220:$BU220, 2*(COLUMN(BW220)-COLUMN($BV220))+1)} -> 9.33 | BY220: {=INDEX($AC220:$BU220, 2*(COLUMN(BX220)-COLUMN($BV220))+1)} -> 10.28 | BZ220: {=INDEX($AC220:$BU220, 2*(COLUMN(BY220)-COLUMN($BV220))+1)} -> 12.22 | CA220: {=INDEX($AC220:$BU220, 2*(COLUMN(BZ220)-COLUMN($BV220))+1)} -> 13.78 | CB220: {=INDEX($AC220:$BU220, 2*(COLUMN(CA220)-COLUMN($BV220))+1)} -> 14.22 | CC220: {=INDEX($AC220:$BU220, 2*(COLUMN(CB220)-COLUMN($BV220))+1)} -> 15.22 | CD220: {=INDEX($AC220:$BU220, 2*(COLUMN(CC220)-COLUMN($BV220))+1)} -> 16.44 | ... CS220: {=INDEX($AC220:$BU220, 2*(COLUMN(CR220)-COLUMN($BV220))+1)} -> 14.22
A221: 703081 | B221: 正常 | D221: 44090 | E221: 44090.292 | F221: 5.68 | G221: 5.085 | H221: 6.2233333 | I221: 7.26 | J221: 8.3333333 | K221: 9.11 | L221: 9.33 | M221: 9.4233333 | N221: 9.5366667 | O221: 9.02 | P221: 7.9633333 | Q221: 7.24 | R221: 7.0033333 | S221: 6.89 | T221: 9.61 | U221: 100 | V221: 0.04525 | W221: -0.034 | X221: 1446.4625 | Y221: 0 | Z221: 1446.4625 | AA221: -1446.4625 | AB221: 44090.278 | AC221: 5 | AD221: 44090.288 | AE221: 5.17 | AF221: 44090.299 | AG221: 5.89 | AH221: 44090.309 | AI221: 6.89 | AJ221: 44090.319 | AK221: 8 | AL221: 44090.33 | AM221: 9 | AN221: 44090.34 | AO221: 9.33 | AP221: 44090.351 | AQ221: 9.33 | AR221: 44090.361 | AS221: 9.61 | AT221: 44090.372 | AU221: 9.39 | AV221: 44090.382 | AW221: 8.28 | AX221: 44090.392 | AY221: 7.33 | AZ221: 44090.403 | BA221: 7.06 | BB221: 44090.413 | BC221: 6.89 | BD221: 44090.424 | BE221: 6.56 | BF221: 44090.434 | BG221: 5.94 | BH221: 44090.444 | BI221: 5.17 | BJ221: 44090.455 | BK221: 4.83 | BL221: 44090.465 | BM221: 5.11 | BN221: 44090.476 | BO221: 5.72 | BP221: 44090.486 | BQ221: 6.72 | BR221: 44090.497 | BS221: 7.89 | BT221: 44090.507 | BU221: 8.5 | BW221: {=INDEX($AC221:$BU221, 2*(COLUMN(BV221)-COLUMN($BV221))+1)} -> 5 | BX221: {=INDEX($AC221:$BU221, 2*(COLUMN(BW221)-COLUMN($BV221))+1)} -> 5.17 | BY221: {=INDEX($AC221:$BU221, 2*(COLUMN(BX221)-COLUMN($BV221))+1)} -> 5.89 | BZ221: {=INDEX($AC221:$BU221, 2*(COLUMN(BY221)-COLUMN($BV221))+1)} -> 6.89 | CA221: {=INDEX($AC221:$BU221, 2*(COLUMN(BZ221)-COLUMN($BV221))+1)} -> 8 | CB221: {=INDEX($AC221:$BU221, 2*(COLUMN(CA221)-COLUMN($BV221))+1)} -> 9 | CC221: {=INDEX($AC221:$BU221, 2*(COLUMN(CB221)-COLUMN($BV221))+1)} -> 9.33 | CD221: {=INDEX($AC221:$BU221, 2*(COLUMN(CC221)-COLUMN($BV221))+1)} -> 9.33 | ... CS221: {=INDEX($AC221:$BU221, 2*(COLUMN(CR221)-COLUMN($BV221))+1)} -> 8.5
A222: 704651 | B222: 正常 | D222: 44112 | E222: 44112.292 | F222: 13.2 | G222: 14.86 | H222: 18.136 | I222: 19.530667 | J222: 20.278667 | K222: 20.144 | L222: 19.258 | M222: 18.956 | N222: 18.328667 | O222: 17.094 | P222: 16.117333 | Q222: 15.507333 | R222: 14.926667 | S222: 14.56 | T222: 20.44 | U222: 56 | V222: 0.099642857 | W222: -0.047419355 | X222: 3194.81 | Y222: 0 | Z222: 3194.81 | AA222: -3194.81 | AB222: 44112.278 | AC222: 13.94 | AD222: 44112.289 | AE222: 15.78 | AF222: 44112.299 | AG222: 17.72 | AH222: 44112.31 | AI222: 19.28 | AJ222: 44112.32 | AK222: 20.22 | AL222: 44112.331 | AM222: 20.44 | AN222: 44112.341 | AO222: 19.33 | AP222: 44112.351 | AQ222: 19.06 | AR222: 44112.362 | AS222: 18.67 | AT222: 44112.372 | AU222: 17.39 | AV222: 44112.383 | AW222: 16.28 | AX222: 44112.393 | AY222: 15.67 | AZ222: 44112.403 | BA222: 15.06 | BB222: 44112.414 | BC222: 14.56 | BD222: 44112.424 | BE222: 13.72 | BF222: 44112.435 | BG222: 13 | BH222: 44112.445 | BI222: 12.39 | BJ222: 44112.456 | BK222: 11.67 | BL222: 44112.466 | BM222: 11.28 | BN222: 44112.476 | BO222: 11.06 | BP222: 44112.487 | BQ222: 11.56 | BR222: 44112.497 | BS222: 12.94 | BT222: 44112.508 | BU222: 13.44 | BW222: {=INDEX($AC222:$BU222, 2*(COLUMN(BV222)-COLUMN($BV222))+1)} -> 13.94 | BX222: {=INDEX($AC222:$BU222, 2*(COLUMN(BW222)-COLUMN($BV222))+1)} -> 15.78 | BY222: {=INDEX($AC222:$BU222, 2*(COLUMN(BX222)-COLUMN($BV222))+1)} -> 17.72 | BZ222: {=INDEX($AC222:$BU222, 2*(COLUMN(BY222)-COLUMN($BV222))+1)} -> 19.28 | CA222: {=INDEX($AC222:$BU222, 2*(COLUMN(BZ222)-COLUMN($BV222))+1)} -> 20.22 | CB222: {=INDEX($AC222:$BU222, 2*(COLUMN(CA222)-COLUMN($BV222))+1)} -> 20.44 | CC222: {=INDEX($AC222:$BU222, 2*(COLUMN(CB222)-COLUMN($BV222))+1)} -> 19.33 | CD222: {=INDEX($AC222:$BU222, 2*(COLUMN(CC222)-COLUMN($BV222))+1)} -> 19.06 | ... CS222: {=INDEX($AC222:$BU222, 2*(COLUMN(CR222)-COLUMN($BV222))+1)} -> 13.44
A223: 705182 | B223: 正常 | D223: 45019 | E223: 45019.292 | F223: 7.9 | G223: 5.05 | H223: 7.4333333 | I223: 9.6 | J223: 10.566667 | K223: 10.766667 | L223: 11.4 | M223: 11.9 | N223: 11.8 | O223: 11.833333 | P223: 11.833333 | Q223: 11.2 | R223: 10.033333 | S223: 9.6 | T223: 12 | U223: 95 | V223: 0.073157895 | W223: -0.028235294 | X223: 1885.375 | Y223: 0 | Z223: 1885.375 | AA223: -1885.375 | AB223: 45019.274 | AC223: 5 | AD223: 45019.285 | AE223: 5.1 | AF223: 45019.295 | AG223: 5.9 | AH223: 45019.306 | AI223: 8.2 | AJ223: 45019.316 | AK223: 10.3 | AL223: 45019.326 | AM223: 10.7 | AN223: 45019.337 | AO223: 10.8 | AP223: 45019.347 | AQ223: 11.7 | AR223: 45019.358 | AS223: 12 | AT223: 45019.368 | AU223: 11.7 | AV223: 45019.378 | AW223: 11.9 | AX223: 45019.389 | AY223: 11.8 | AZ223: 45019.399 | BA223: 10.9 | BB223: 45019.41 | BC223: 9.6 | BD223: 45019.42 | BE223: 8.2 | BF223: 45019.431 | BG223: 7.7 | BH223: 45019.441 | BI223: 7.3 | BJ223: 45019.451 | BK223: 6.3 | BL223: 45019.462 | BM223: 5.4 | BN223: 45019.472 | BO223: 5.1 | BP223: 45019.483 | BQ223: 4.8 | BR223: 45019.493 | BS223: 4.8 | BT223: 45019.503 | BU223: 5.2 | BW223: {=INDEX($AC223:$BU223, 2*(COLUMN(BV223)-COLUMN($BV223))+1)} -> 5 | BX223: {=INDEX($AC223:$BU223, 2*(COLUMN(BW223)-COLUMN($BV223))+1)} -> 5.1 | BY223: {=INDEX($AC223:$BU223, 2*(COLUMN(BX223)-COLUMN($BV223))+1)} -> 5.9 | BZ223: {=INDEX($AC223:$BU223, 2*(COLUMN(BY223)-COLUMN($BV223))+1)} -> 8.2 | CA223: {=INDEX($AC223:$BU223, 2*(COLUMN(BZ223)-COLUMN($BV223))+1)} -> 10.3 | CB223: {=INDEX($AC223:$BU223, 2*(COLUMN(CA223)-COLUMN($BV223))+1)} -> 10.7 | CC223: {=INDEX($AC223:$BU223, 2*(COLUMN(CB223)-COLUMN($BV223))+1)} -> 10.8 | CD223: {=INDEX($AC223:$BU223, 2*(COLUMN(CC223)-COLUMN($BV223))+1)} -> 11.7 | ... CS223: {=INDEX($AC223:$BU223, 2*(COLUMN(CR223)-COLUMN($BV223))+1)} -> 5.2
A224: 709700 | B224: 正常 | D224: 45174 | E224: 45174.292 | F224: 11.1 | G224: 10.9 | H224: 11.48 | I224: 11.3 | J224: 11.3 | K224: 11.22 | L224: 10.9 | M224: 10.32 | N224: 9.62 | O224: 8.92 | P224: 8.34 | Q224: 7.98 | R224: 7.56 | S224: 7.2 | T224: 11.6 | U224: 9 | V224: 0.077777778 | W224: -0.025730994 | X224: 1769.85 | Y224: 0 | Z224: 1769.85 | AA224: -1769.85 | AB224: 45174.277 | AC224: 10.5 | AD224: 45174.287 | AE224: 11.3 | AF224: 45174.298 | AG224: 11.6 | AH224: 45174.308 | AI224: 11.3 | AJ224: 45174.319 | AK224: 11.3 | AL224: 45174.329 | AM224: 11.3 | AN224: 45174.34 | AO224: 11.1 | AP224: 45174.35 | AQ224: 10.6 | AR224: 45174.36 | AS224: 9.9 | AT224: 45174.371 | AU224: 9.2 | AV224: 45174.381 | AW224: 8.5 | AX224: 45174.392 | AY224: 8.1 | AZ224: 45174.402 | BA224: 7.8 | BB224: 45174.412 | BC224: 7.2 | BD224: 45174.423 | BE224: 6.9 | BF224: 45174.433 | BG224: 6.9 | BH224: 45174.444 | BI224: 6.8 | BJ224: 45174.454 | BK224: 6.7 | BL224: 45174.465 | BM224: 6.6 | BN224: 45174.475 | BO224: 3.8 | BP224: 45174.485 | BQ224: 3.7 | BR224: 45174.496 | BS224: 4.2 | BT224: 45174.506 | BU224: 4.4 | BW224: {=INDEX($AC224:$BU224, 2*(COLUMN(BV224)-COLUMN($BV224))+1)} -> 10.5 | BX224: {=INDEX($AC224:$BU224, 2*(COLUMN(BW224)-COLUMN($BV224))+1)} -> 11.3 | BY224: {=INDEX($AC224:$BU224, 2*(COLUMN(BX224)-COLUMN($BV224))+1)} -> 11.6 | BZ224: {=INDEX($AC224:$BU224, 2*(COLUMN(BY224)-COLUMN($BV224))+1)} -> 11.3 | CA224: {=INDEX($AC224:$BU224, 2*(COLUMN(BZ224)-COLUMN($BV224))+1)} -> 11.3 | CB224: {=INDEX($AC224:$BU224, 2*(COLUMN(CA224)-COLUMN($BV224))+1)} -> 11.3 | CC224: {=INDEX($AC224:$BU224, 2*(COLUMN(CB224)-COLUMN($BV224))+1)} -> 11.1 | CD224: {=INDEX($AC224:$BU224, 2*(COLUMN(CC224)-COLUMN($BV224))+1)} -> 10.6 | ... CS224: {=INDEX($AC224:$BU224, 2*(COLUMN(CR224)-COLUMN($BV224))+1)} -> 4.4
A225: 709089 | B225: 正常 | D225: 44158 | E225: 44158.292 | F225: 9.22 | G225: 7.56 | H225: 8.3933333 | I225: 10.893333 | J225: 13.304 | K225: 15.000667 | L225: 15.698667 | M225: 15.537333 | N225: 15.346 | O225: 14.993333 | P225: 14.470667 | Q225: 13.786 | R225: 12.999333 | S225: 12.28 | T225: 15.72 | U225: 73 | V225: 0.11178082 | W225: -0.032149533 | X225: 2405.14 | Y225: 0 | Z225: 2405.14 | AA225: -2405.14 | AB225: 44158.28 | AC225: 7.56 | AD225: 44158.29 | AE225: 7.56 | AF225: 44158.301 | AG225: 8.06 | AH225: 44158.311 | AI225: 10.56 | AJ225: 44158.322 | AK225: 13.06 | AL225: 44158.332 | AM225: 14.89 | AN225: 44158.342 | AO225: 15.72 | AP225: 44158.353 | AQ225: 15.56 | AR225: 44158.363 | AS225: 15.39 | AT225: 44158.374 | AU225: 15.06 | AV225: 44158.384 | AW225: 14.56 | AX225: 44158.394 | AY225: 13.89 | AZ225: 44158.405 | BA225: 13.11 | BB225: 44158.415 | BC225: 12.28 | BD225: 44158.426 | BE225: 11.78 | BF225: 44158.436 | BG225: 11.17 | BH225: 44158.447 | BI225: 10.33 | BJ225: 44158.457 | BK225: 9.78 | BL225: 44158.467 | BM225: 9.94 | BN225: 44158.478 | BO225: 10.5 | BP225: 44158.488 | BQ225: 10.72 | BR225: 44158.499 | BS225: 10.94 | BT225: 44158.509 | BU225: 11.5 | BW225: {=INDEX($AC225:$BU225, 2*(COLUMN(BV225)-COLUMN($BV225))+1)} -> 7.56 | BX225: {=INDEX($AC225:$BU225, 2*(COLUMN(BW225)-COLUMN($BV225))+1)} -> 7.56 | BY225: {=INDEX($AC225:$BU225, 2*(COLUMN(BX225)-COLUMN($BV225))+1)} -> 8.06 | BZ225: {=INDEX($AC225:$BU225, 2*(COLUMN(BY225)-COLUMN($BV225))+1)} -> 10.56 | CA225: {=INDEX($AC225:$BU225, 2*(COLUMN(BZ225)-COLUMN($BV225))+1)} -> 13.06 | CB225: {=INDEX($AC225:$BU225, 2*(COLUMN(CA225)-COLUMN($BV225))+1)} -> 14.89 | CC225: {=INDEX($AC225:$BU225, 2*(COLUMN(CB225)-COLUMN($BV225))+1)} -> 15.72 | CD225: {=INDEX($AC225:$BU225, 2*(COLUMN(CC225)-COLUMN($BV225))+1)} -> 15.56 | ... CS225: {=INDEX($AC225:$BU225, 2*(COLUMN(CR225)-COLUMN($BV225))+1)} -> 11.5
... A239: 719034 | B239: 正常 | D239: 44271 | E239: 44271.292 | F239: 14.78 | G239: 13.55 | H239: 15.84 | I239: 17.8 | J239: 19.38 | K239: 20.56 | L239: 21.36 | M239: 21.24 | N239: 20.82 | O239: 21.06 | P239: 21.24 | Q239: 20.6 | R239: 19.36 | S239: 18.8 | T239: 21.6 | U239: 81 | V239: 0.099382716 | W239: -0.028282828 | X239: 3531.525 | Y239: 0 | Z239: 3531.525 | AA239: -3531.525 | AB239: 44271.275 | AC239: 13.3 | AD239: 44271.285 | AE239: 13.8 | AF239: 44271.296 | AG239: 14.7 | AH239: 44271.306 | AI239: 16.6 | AJ239: 44271.317 | AK239: 18.6 | AL239: 44271.327 | AM239: 19.9 | AN239: 44271.338 | AO239: 21 | AP239: 44271.348 | AQ239: 21.6 | AR239: 44271.358 | AS239: 21 | AT239: 44271.369 | AU239: 20.7 | AV239: 44271.379 | AW239: 21.3 | AX239: 44271.39 | AY239: 21.2 | AZ239: 44271.4 | BA239: 20.2 | BB239: 44271.41 | BC239: 18.8 | BD239: 44271.421 | BE239: 18 | BF239: 44271.431 | BG239: 17.2 | BH239: 44271.442 | BI239: 16.4 | BJ239: 44271.452 | BK239: 15.6 | BL239: 44271.463 | BM239: 15.3 | BN239: 44271.473 | BO239: 15.1 | BP239: 44271.483 | BQ239: 14.8 | BR239: 44271.494 | BS239: 15.6 | BT239: 44271.504 | BU239: 16 | BW239: {=INDEX($AC239:$BU239, 2*(COLUMN(BV239)-COLUMN($BV239))+1)} -> 13.3 | BX239: {=INDEX($AC239:$BU239, 2*(COLUMN(BW239)-COLUMN($BV239))+1)} -> 13.8 | BY239: {=INDEX($AC239:$BU239, 2*(COLUMN(BX239)-COLUMN($BV239))+1)} -> 14.7 | BZ239: {=INDEX($AC239:$BU239, 2*(COLUMN(BY239)-COLUMN($BV239))+1)} -> 16.6 | CA239: {=INDEX($AC239:$BU239, 2*(COLUMN(BZ239)-COLUMN($BV239))+1)} -> 18.6 | CB239: {=INDEX($AC239:$BU239, 2*(COLUMN(CA239)-COLUMN($BV239))+1)} -> 19.9 | CC239: {=INDEX($AC239:$BU239, 2*(COLUMN(CB239)-COLUMN($BV239))+1)} -> 21 | CD239: {=INDEX($AC239:$BU239, 2*(COLUMN(CC239)-COLUMN($BV239))+1)} -> 21.6 | ... CS239: {=INDEX($AC239:$BU239, 2*(COLUMN(CR239)-COLUMN($BV239))+1)} -> 16
A240: 719857 | B240: 正常 | D240: 45000 | E240: 45000.292 | F240: 13.77 | G240: 13.2 | H240: 12.3 | I240: 12.3 | J240: 11.7 | K240: 10.6 | L240: 10.3 | M240: 10.3 | N240: 9.7 | O240: 9 | P240: 8.6 | Q240: 8.2 | R240: 7.8 | S240: 7.6 | T240: 12.8 | U240: 0 | W240: -0.028888889 | X240: 1818 | Y240: 0 | Z240: 1818 | AA240: -1818 | AB240: 45000.271 | AC240: 13.7 | AD240: 45000.281 | AE240: 13.1 | AF240: 45000.292 | AG240: 12.8 | AH240: 45000.302 | AI240: 12.3 | AJ240: 45000.312 | AK240: 12.3 | AL240: 45000.323 | AM240: 11.7 | AN240: 45000.333 | AO240: 10.6 | AP240: 45000.344 | AQ240: 10.3 | AR240: 45000.354 | AS240: 10.3 | AT240: 45000.365 | AU240: 9.7 | AV240: 45000.375 | AW240: 9 | AX240: 45000.385 | AY240: 8.6 | AZ240: 45000.396 | BA240: 8.2 | BB240: 45000.406 | BC240: 7.8 | BD240: 45000.417 | BE240: 7.6 | BF240: 45000.427 | BG240: 7.6 | BH240: 45000.438 | BI240: 8.3 | BJ240: 45000.448 | BK240: 8.8 | BL240: 45000.458 | BM240: 9 | BN240: 45000.469 | BO240: 8.6 | BP240: 45000.479 | BQ240: 8.7 | BR240: 45000.49 | BS240: 9 | BT240: 45000.5 | BU240: 9 | BW240: {=INDEX($AC240:$BU240, 2*(COLUMN(BV240)-COLUMN($BV240))+1)} -> 13.7 | BX240: {=INDEX($AC240:$BU240, 2*(COLUMN(BW240)-COLUMN($BV240))+1)} -> 13.1 | BY240: {=INDEX($AC240:$BU240, 2*(COLUMN(BX240)-COLUMN($BV240))+1)} -> 12.8 | BZ240: {=INDEX($AC240:$BU240, 2*(COLUMN(BY240)-COLUMN($BV240))+1)} -> 12.3 | CA240: {=INDEX($AC240:$BU240, 2*(COLUMN(BZ240)-COLUMN($BV240))+1)} -> 12.3 | CB240: {=INDEX($AC240:$BU240, 2*(COLUMN(CA240)-COLUMN($BV240))+1)} -> 11.7 | CC240: {=INDEX($AC240:$BU240, 2*(COLUMN(CB240)-COLUMN($BV240))+1)} -> 10.6 | CD240: {=INDEX($AC240:$BU240, 2*(COLUMN(CC240)-COLUMN($BV240))+1)} -> 10.3 | ... CS240: {=INDEX($AC240:$BU240, 2*(COLUMN(CR240)-COLUMN($BV240))+1)} -> 9
A241: 720981 | B241: 正常 | D241: 44286 | E241: 44286.292 | F241: 12.29 | G241: 10 | H241: 11.266667 | I241: 12.5 | J241: 13.673333 | K241: 14.333333 | L241: 15.346667 | M241: 16.526667 | N241: 16.666667 | O241: 15.933333 | P241: 14.886667 | Q241: 14.486667 | R241: 15.12 | S241: 15.6 | T241: 16.9 | U241: 98 | V241: 0.070408163 | W241: -0.015853659 | X241: 2603.1 | Y241: 0 | Z241: 2603.1 | AA241: -2603.1 | AB241: 44286.276 | AC241: 9.8 | AD241: 44286.287 | AE241: 10.2 | AF241: 44286.297 | AG241: 10.8 | AH241: 44286.308 | AI241: 11.8 | AJ241: 44286.318 | AK241: 13.3 | AL241: 44286.328 | AM241: 14.1 | AN241: 44286.339 | AO241: 14.6 | AP241: 44286.349 | AQ241: 16.2 | AR241: 44286.36 | AS241: 16.9 | AT241: 44286.37 | AU241: 16.4 | AV241: 44286.381 | AW241: 15.4 | AX241: 44286.391 | AY241: 14.3 | AZ241: 44286.401 | BA241: 14.7 | BB241: 44286.412 | BC241: 15.6 | BD241: 44286.422 | BE241: 14.6 | BF241: 44286.433 | BG241: 12.7 | BH241: 44286.443 | BI241: 10.7 | BJ241: 44286.453 | BK241: 9.8 | BL241: 44286.464 | BM241: 9.3 | BN241: 44286.474 | BO241: 8.7 | BP241: 44286.485 | BQ241: 8.1 | BR241: 44286.495 | BS241: 8.4 | BT241: 44286.506 | BU241: 9.4 | BW241: {=INDEX($AC241:$BU241, 2*(COLUMN(BV241)-COLUMN($BV241))+1)} -> 9.8 | BX241: {=INDEX($AC241:$BU241, 2*(COLUMN(BW241)-COLUMN($BV241))+1)} -> 10.2 | BY241: {=INDEX($AC241:$BU241, 2*(COLUMN(BX241)-COLUMN($BV241))+1)} -> 10.8 | BZ241: {=INDEX($AC241:$BU241, 2*(COLUMN(BY241)-COLUMN($BV241))+1)} -> 11.8 | CA241: {=INDEX($AC241:$BU241, 2*(COLUMN(BZ241)-COLUMN($BV241))+1)} -> 13.3 | CB241: {=INDEX($AC241:$BU241, 2*(COLUMN(CA241)-COLUMN($BV241))+1)} -> 14.1 | CC241: {=INDEX($AC241:$BU241, 2*(COLUMN(CB241)-COLUMN($BV241))+1)} -> 14.6 | CD241: {=INDEX($AC241:$BU241, 2*(COLUMN(CC241)-COLUMN($BV241))+1)} -> 16.2 | ... CS241: {=INDEX($AC241:$BU241, 2*(COLUMN(CR241)-COLUMN($BV241))+1)} -> 9.4
A242: 721646 | B242: 正常 | D242: 44293 | E242: 44293.292 | F242: 9.59 | G242: 7.75 | H242: 9.92 | I242: 11.213333 | J242: 12.42 | K242: 13.34 | L242: 13.773333 | M242: 13.706667 | N242: 12.953333 | O242: 11.873333 | P242: 11.893333 | Q242: 12.18 | R242: 12.106667 | S242: 12.1 | T242: 13.8 | U242: 76 | V242: 0.079605263 | W242: -0.016346154 | X242: 2179.575 | Y242: 0 | Z242: 2179.575 | AA242: -2179.575 | AB242: 44293.272 | AC242: 7.6 | AD242: 44293.282 | AE242: 7.9 | AF242: 44293.292 | AG242: 8.8 | AH242: 44293.303 | AI242: 10 | AJ242: 44293.313 | AK242: 11.3 | AL242: 44293.324 | AM242: 12.5 | AN242: 44293.334 | AO242: 13.4 | AP242: 44293.344 | AQ242: 13.8 | AR242: 44293.355 | AS242: 13.7 | AT242: 44293.365 | AU242: 12.9 | AV242: 44293.376 | AW242: 11.8 | AX242: 44293.386 | AY242: 11.9 | AZ242: 44293.397 | BA242: 12.2 | BB242: 44293.407 | BC242: 12.1 | BD242: 44293.417 | BE242: 11.2 | BF242: 44293.428 | BG242: 9.8 | BH242: 44293.438 | BI242: 8.2 | BJ242: 44293.449 | BK242: 7 | BL242: 44293.459 | BM242: 6.6 | BN242: 44293.469 | BO242: 6.3 | BP242: 44293.48 | BQ242: 5.5 | BR242: 44293.49 | BS242: 4.8 | BT242: 44293.501 | BU242: 4.7 | BW242: {=INDEX($AC242:$BU242, 2*(COLUMN(BV242)-COLUMN($BV242))+1)} -> 7.6 | BX242: {=INDEX($AC242:$BU242, 2*(COLUMN(BW242)-COLUMN($BV242))+1)} -> 7.9 | BY242: {=INDEX($AC242:$BU242, 2*(COLUMN(BX242)-COLUMN($BV242))+1)} -> 8.8 | BZ242: {=INDEX($AC242:$BU242, 2*(COLUMN(BY242)-COLUMN($BV242))+1)} -> 10 | CA242: {=INDEX($AC242:$BU242, 2*(COLUMN(BZ242)-COLUMN($BV242))+1)} -> 11.3 | CB242: {=INDEX($AC242:$BU242, 2*(COLUMN(CA242)-COLUMN($BV242))+1)} -> 12.5 | CC242: {=INDEX($AC242:$BU242, 2*(COLUMN(CB242)-COLUMN($BV242))+1)} -> 13.4 | CD242: {=INDEX($AC242:$BU242, 2*(COLUMN(CC242)-COLUMN($BV242))+1)} -> 13.8 | ... CS242: {=INDEX($AC242:$BU242, 2*(COLUMN(CR242)-COLUMN($BV242))+1)} -> 4.7
A243: 722426 | B243: 正常 | D243: 44299 | E243: 44299.292 | F243: 12.86 | G243: 11.5 | H243: 13.62 | I243: 15.98 | J243: 17.92 | K243: 18.66 | L243: 18.346667 | M243: 18 | N243: 17.973333 | O243: 17.826667 | P243: 18.053333 | Q243: 18.413333 | R243: 18.446667 | S243: 18.1 | T243: 18.7 | U243: 58 | V243: 0.12413793 | W243: -0.0049180328 | X243: 3120.6 | Y243: 0 | Z243: 3120.6 | AA243: -3120.6 | AB243: 44299.28 | AC243: 11.3 | AD243: 44299.29 | AE243: 11.7 | AF243: 44299.301 | AG243: 13.3 | AH243: 44299.311 | AI243: 15.7 | AJ243: 44299.322 | AK243: 17.8 | AL243: 44299.332 | AM243: 18.7 | AN243: 44299.342 | AO243: 18.4 | AP243: 44299.353 | AQ243: 18 | AR243: 44299.363 | AS243: 18 | AT243: 44299.374 | AU243: 17.8 | AV243: 44299.384 | AW243: 18 | AX243: 44299.394 | AY243: 18.4 | AZ243: 44299.405 | BA243: 18.5 | BB243: 44299.415 | BC243: 18.1 | BD243: 44299.426 | BE243: 17.7 | BF243: 44299.436 | BG243: 17.6 | BH243: 44299.447 | BI243: 17.3 | BJ243: 44299.457 | BK243: 16.7 | BL243: 44299.467 | BM243: 15.7 | BN243: 44299.478 | BO243: 14.7 | BP243: 44299.488 | BQ243: 14.4 | BR243: 44299.499 | BS243: 14.2 | BT243: 44299.509 | BU243: 14.3 | BW243: {=INDEX($AC243:$BU243, 2*(COLUMN(BV243)-COLUMN($BV243))+1)} -> 11.3 | BX243: {=INDEX($AC243:$BU243, 2*(COLUMN(BW243)-COLUMN($BV243))+1)} -> 11.7 | BY243: {=INDEX($AC243:$BU243, 2*(COLUMN(BX243)-COLUMN($BV243))+1)} -> 13.3 | BZ243: {=INDEX($AC243:$BU243, 2*(COLUMN(BY243)-COLUMN($BV243))+1)} -> 15.7 | CA243: {=INDEX($AC243:$BU243, 2*(COLUMN(BZ243)-COLUMN($BV243))+1)} -> 17.8 | CB243: {=INDEX($AC243:$BU243, 2*(COLUMN(CA243)-COLUMN($BV243))+1)} -> 18.7 | CC243: {=INDEX($AC243:$BU243, 2*(COLUMN(CB243)-COLUMN($BV243))+1)} -> 18.4 | CD243: {=INDEX($AC243:$BU243, 2*(COLUMN(CC243)-COLUMN($BV243))+1)} -> 18 | ... CS243: {=INDEX($AC243:$BU243, 2*(COLUMN(CR243)-COLUMN($BV243))+1)} -> 14.3
A244: 725084 | B244: 正常 | D244: 44323 | E244: 44323.292 | F244: 11 | G244: 8.65 | H244: 10.9 | I244: 12.353333 | J244: 13.473333 | K244: 14.133333 | L244: 14.493333 | M244: 14.366667 | N244: 14.006667 | O244: 14.366667 | P244: 15.226667 | Q244: 15.413333 | R244: 14.826667 | S244: 14.4 | T244: 15.6 | U244: 143 | V244: 0.048601399 | W244: -0.032432432 | X244: 2476.275 | Y244: 0 | Z244: 2476.275 | AA244: -2476.275 | AB244: 44323.276 | AC244: 8.4 | AD244: 44323.287 | AE244: 8.9 | AF244: 44323.297 | AG244: 10.2 | AH244: 44323.308 | AI244: 11.7 | AJ244: 44323.318 | AK244: 13.1 | AL244: 44323.328 | AM244: 13.9 | AN244: 44323.339 | AO244: 14.4 | AP244: 44323.349 | AQ244: 14.6 | AR244: 44323.36 | AS244: 14.1 | AT244: 44323.37 | AU244: 13.9 | AV244: 44323.381 | AW244: 14.9 | AX244: 44323.391 | AY244: 15.6 | AZ244: 44323.401 | BA244: 15.2 | BB244: 44323.412 | BC244: 14.4 | BD244: 44323.422 | BE244: 14.7 | BF244: 44323.433 | BG244: 15.3 | BH244: 44323.443 | BI244: 15.5 | BJ244: 44323.453 | BK244: 14.6 | BL244: 44323.464 | BM244: 13.3 | BN244: 44323.474 | BO244: 12.8 | BP244: 44323.485 | BQ244: 13 | BR244: 44323.495 | BS244: 12.4 | BT244: 44323.506 | BU244: 10.8 | BW244: {=INDEX($AC244:$BU244, 2*(COLUMN(BV244)-COLUMN($BV244))+1)} -> 8.4 | BX244: {=INDEX($AC244:$BU244, 2*(COLUMN(BW244)-COLUMN($BV244))+1)} -> 8.9 | BY244: {=INDEX($AC244:$BU244, 2*(COLUMN(BX244)-COLUMN($BV244))+1)} -> 10.2 | BZ244: {=INDEX($AC244:$BU244, 2*(COLUMN(BY244)-COLUMN($BV244))+1)} -> 11.7 | CA244: {=INDEX($AC244:$BU244, 2*(COLUMN(BZ244)-COLUMN($BV244))+1)} -> 13.1 | CB244: {=INDEX($AC244:$BU244, 2*(COLUMN(CA244)-COLUMN($BV244))+1)} -> 13.9 | CC244: {=INDEX($AC244:$BU244, 2*(COLUMN(CB244)-COLUMN($BV244))+1)} -> 14.4 | CD244: {=INDEX($AC244:$BU244, 2*(COLUMN(CC244)-COLUMN($BV244))+1)} -> 14.6 | ... CS244: {=INDEX($AC244:$BU244, 2*(COLUMN(CR244)-COLUMN($BV244))+1)} -> 10.8
A245: 726358 | B245: 正常 | D245: 44331 | E245: 44331.292 | F245: 14.25 | G245: 13.15 | H245: 16.74 | I245: 18.88 | J245: 20.26 | K245: 20.98 | L245: 21.18 | M245: 20.96 | N245: 20.9 | O245: 20.82 | P245: 20.32 | Q245: 19.48 | R245: 18.42 | S245: 18.2 | T245: 21.2 | U245: 78 | V245: 0.10320513 | W245: -0.029411765 | X245: 3519.225 | Y245: 0 | Z245: 3519.225 | AA245: -3519.225 | AB245: 44331.273 | AC245: 12.9 | AD245: 44331.283 | AE245: 13.4 | AF245: 44331.294 | AG245: 14.9 | AH245: 44331.304 | AI245: 17.2 | AJ245: 44331.315 | AK245: 19.3 | AL245: 44331.325 | AM245: 20.5 | AN245: 44331.335 | AO245: 21.1 | AP245: 44331.346 | AQ245: 21.2 | AR245: 44331.356 | AS245: 20.9 | AT245: 44331.367 | AU245: 20.9 | AV245: 44331.377 | AW245: 20.8 | AX245: 44331.387 | AY245: 20.2 | AZ245: 44331.398 | BA245: 19.3 | BB245: 44331.408 | BC245: 18.2 | BD245: 44331.419 | BE245: 17.3 | BF245: 44331.429 | BG245: 16.7 | BH245: 44331.44 | BI245: 16 | BJ245: 44331.45 | BK245: 15.3 | BL245: 44331.46 | BM245: 14.4 | BN245: 44331.471 | BO245: 13.8 | BP245: 44331.481 | BQ245: 13.7 | BR245: 44331.492 | BS245: 14.2 | BT245: 44331.502 | BU245: 15.3 | BW245: {=INDEX($AC245:$BU245, 2*(COLUMN(BV245)-COLUMN($BV245))+1)} -> 12.9 | BX245: {=INDEX($AC245:$BU245, 2*(COLUMN(BW245)-COLUMN($BV245))+1)} -> 13.4 | BY245: {=INDEX($AC245:$BU245, 2*(COLUMN(BX245)-COLUMN($BV245))+1)} -> 14.9 | BZ245: {=INDEX($AC245:$BU245, 2*(COLUMN(BY245)-COLUMN($BV245))+1)} -> 17.2 | CA245: {=INDEX($AC245:$BU245, 2*(COLUMN(BZ245)-COLUMN($BV245))+1)} -> 19.3 | CB245: {=INDEX($AC245:$BU245, 2*(COLUMN(CA245)-COLUMN($BV245))+1)} -> 20.5 | CC245: {=INDEX($AC245:$BU245, 2*(COLUMN(CB245)-COLUMN($BV245))+1)} -> 21.1 | CD245: {=INDEX($AC245:$BU245, 2*(COLUMN(CC245)-COLUMN($BV245))+1)} -> 21.2 | ... CS245: {=INDEX($AC245:$BU245, 2*(COLUMN(CR245)-COLUMN($BV245))+1)} -> 15.3
A246: 733303 | B246: 正常 | D246: 45236 | E246: 45236.292 | F246: 11.819477 | G246: 9.7 | H246: 9.24 | I246: 9.36 | J246: 9.14 | K246: 8.9 | L246: 8.9 | M246: 8.86 | N246: 8.62 | O246: 8.42 | P246: 9.24 | Q246: 10.8 | R246: 11.74 | S246: 12.3 | T246: 12.3 | U246: 177 | V246: 0.014689266 | W246: 0 | X246: 1713.3 | Y246: 0 | Z246: 1713.3 | AA246: -1713.3 | AB246: 45236.279 | AC246: 9.9 | AD246: 45236.29 | AE246: 9.5 | AF246: 45236.3 | AG246: 9.2 | AH246: 45236.31 | AI246: 9.4 | AJ246: 45236.321 | AK246: 9.2 | AL246: 45236.331 | AM246: 8.9 | AN246: 45236.342 | AO246: 8.9 | AP246: 45236.352 | AQ246: 8.9 | AR246: 45236.363 | AS246: 8.7 | AT246: 45236.373 | AU246: 8.3 | AV246: 45236.383 | AW246: 8.9 | AX246: 45236.394 | AY246: 10.6 | AZ246: 45236.404 | BA246: 11.6 | BB246: 45236.415 | BC246: 12.3 | BD246: 45236.425 | BE246: 12.6 | BF246: 45236.435 | BG246: 12.2 | BH246: 45236.446 | BI246: 11.8 | BJ246: 45236.456 | BK246: 11.3 | BL246: 45236.467 | BM246: 11.1 | BN246: 45236.477 | BO246: 10.9 | BP246: 45236.488 | BQ246: 10.7 | BR246: 45236.498 | BS246: 10.2 | BT246: 45236.508 | BU246: 9.5 | BW246: {=INDEX($AC246:$BU246, 2*(COLUMN(BV246)-COLUMN($BV246))+1)} -> 9.9 | BX246: {=INDEX($AC246:$BU246, 2*(COLUMN(BW246)-COLUMN($BV246))+1)} -> 9.5 | BY246: {=INDEX($AC246:$BU246, 2*(COLUMN(BX246)-COLUMN($BV246))+1)} -> 9.2 | BZ246: {=INDEX($AC246:$BU246, 2*(COLUMN(BY246)-COLUMN($BV246))+1)} -> 9.4 | CA246: {=INDEX($AC246:$BU246, 2*(COLUMN(BZ246)-COLUMN($BV246))+1)} -> 9.2 | CB246: {=INDEX($AC246:$BU246, 2*(COLUMN(CA246)-COLUMN($BV246))+1)} -> 8.9 | CC246: {=INDEX($AC246:$BU246, 2*(COLUMN(CB246)-COLUMN($BV246))+1)} -> 8.9 | CD246: {=INDEX($AC246:$BU246, 2*(COLUMN(CC246)-COLUMN($BV246))+1)} -> 8.9 | ... CS246: {=INDEX($AC246:$BU246, 2*(COLUMN(CR246)-COLUMN($BV246))+1)} -> 9.5
A247: 732460 | B247: 正常 | D247: 44385 | E247: 44385.292 | F247: 8 | G247: 7.1 | H247: 7.3466667 | I247: 8.0533333 | J247: 8.5666667 | K247: 8.5066667 | L247: 8.6866667 | M247: 11.22 | N247: 13.173333 | O247: 12.833333 | P247: 11.96 | Q247: 11.06 | R247: 10.44 | S247: 10.4 | T247: 13.3 | U247: 106 | V247: 0.058490566 | W247: -0.039189189 | X247: 1808.95 | Y247: 0 | Z247: 1808.95 | AA247: -1808.95 | AB247: 44385.272 | AC247: 7 | AD247: 44385.282 | AE247: 7.2 | AF247: 44385.292 | AG247: 6.6 | AH247: 44385.303 | AI247: 7.4 | AJ247: 44385.313 | AK247: 8.1 | AL247: 44385.324 | AM247: 8.6 | AN247: 44385.334 | AO247: 8.5 | AP247: 44385.344 | AQ247: 8.7 | AR247: 44385.355 | AS247: 11.4 | AT247: 44385.365 | AU247: 13.3 | AV247: 44385.376 | AW247: 12.8 | AX247: 44385.386 | AY247: 11.9 | AZ247: 44385.397 | BA247: 11 | BB247: 44385.407 | BC247: 10.4 | BD247: 44385.417 | BE247: 10.1 | BF247: 44385.428 | BG247: 9.4 | BH247: 44385.438 | BI247: 9 | BJ247: 44385.449 | BK247: 8.4 | BL247: 44385.459 | BM247: 7.7 | BN247: 44385.469 | BO247: 6.9 | BP247: 44385.48 | BQ247: 7.4 | BR247: 44385.49 | BS247: 8.8 | BT247: 44385.501 | BU247: 8.3 | BW247: {=INDEX($AC247:$BU247, 2*(COLUMN(BV247)-COLUMN($BV247))+1)} -> 7 | BX247: {=INDEX($AC247:$BU247, 2*(COLUMN(BW247)-COLUMN($BV247))+1)} -> 7.2 | BY247: {=INDEX($AC247:$BU247, 2*(COLUMN(BX247)-COLUMN($BV247))+1)} -> 6.6 | BZ247: {=INDEX($AC247:$BU247, 2*(COLUMN(BY247)-COLUMN($BV247))+1)} -> 7.4 | CA247: {=INDEX($AC247:$BU247, 2*(COLUMN(BZ247)-COLUMN($BV247))+1)} -> 8.1 | CB247: {=INDEX($AC247:$BU247, 2*(COLUMN(CA247)-COLUMN($BV247))+1)} -> 8.6 | CC247: {=INDEX($AC247:$BU247, 2*(COLUMN(CB247)-COLUMN($BV247))+1)} -> 8.5 | CD247: {=INDEX($AC247:$BU247, 2*(COLUMN(CC247)-COLUMN($BV247))+1)} -> 8.7 | ... CS247: {=INDEX($AC247:$BU247, 2*(COLUMN(CR247)-COLUMN($BV247))+1)} -> 8.3
A248: 733307 | B248: 正常 | D248: 44392 | E248: 44392.292 | F248: 16.2 | G248: 13.8 | H248: 14.9 | I248: 15.9 | J248: 16.9 | K248: 17.78 | L248: 18.52 | M248: 19.76 | N248: 20.94 | O248: 21.3 | P248: 21.18 | Q248: 20.8 | R248: 19.82 | S248: 19.3 | T248: 21.3 | U248: 111 | V248: 0.067567568 | W248: -0.028985507 | X248: 3365.25 | Y248: 0 | Z248: 3365.25 | AA248: -3365.25 | AB248: 44392.275 | AC248: 13.5 | AD248: 44392.285 | AE248: 14.1 | AF248: 44392.296 | AG248: 14.3 | AH248: 44392.306 | AI248: 15.3 | AJ248: 44392.317 | AK248: 16.3 | AL248: 44392.327 | AM248: 17.3 | AN248: 44392.338 | AO248: 18.1 | AP248: 44392.348 | AQ248: 18.8 | AR248: 44392.358 | AS248: 20.4 | AT248: 44392.369 | AU248: 21.3 | AV248: 44392.379 | AW248: 21.3 | AX248: 44392.39 | AY248: 21.1 | AZ248: 44392.4 | BA248: 20.6 | BB248: 44392.41 | BC248: 19.3 | BD248: 44392.421 | BE248: 18.1 | BF248: 44392.431 | BG248: 17.4 | BH248: 44392.442 | BI248: 16.8 | BJ248: 44392.452 | BK248: 17.9 | BL248: 44392.463 | BM248: 19.1 | BN248: 44392.473 | BO248: 18.3 | BP248: 44392.483 | BQ248: 17.4 | BR248: 44392.494 | BS248: 17.8 | BT248: 44392.504 | BU248: 18.2 | BW248: {=INDEX($AC248:$BU248, 2*(COLUMN(BV248)-COLUMN($BV248))+1)} -> 13.5 | BX248: {=INDEX($AC248:$BU248, 2*(COLUMN(BW248)-COLUMN($BV248))+1)} -> 14.1 | BY248: {=INDEX($AC248:$BU248, 2*(COLUMN(BX248)-COLUMN($BV248))+1)} -> 14.3 | BZ248: {=INDEX($AC248:$BU248, 2*(COLUMN(BY248)-COLUMN($BV248))+1)} -> 15.3 | CA248: {=INDEX($AC248:$BU248, 2*(COLUMN(BZ248)-COLUMN($BV248))+1)} -> 16.3 | CB248: {=INDEX($AC248:$BU248, 2*(COLUMN(CA248)-COLUMN($BV248))+1)} -> 17.3 | CC248: {=INDEX($AC248:$BU248, 2*(COLUMN(CB248)-COLUMN($BV248))+1)} -> 18.1 | CD248: {=INDEX($AC248:$BU248, 2*(COLUMN(CC248)-COLUMN($BV248))+1)} -> 18.8 | ... CS248: {=INDEX($AC248:$BU248, 2*(COLUMN(CR248)-COLUMN($BV248))+1)} -> 18.2
A249: 734431 | B249: 正常 | D249: 45128 | E249: 45128.292 | F249: 6.33 | G249: 5.7 | H249: 4.7 | I249: 5.6 | J249: 6.52 | K249: 7.1 | L249: 7.04 | M249: 6.76 | N249: 6.62 | O249: 6.36 | P249: 5.74 | Q249: 5.2 | R249: 4.94 | S249: 4.9 | T249: 7.2 | U249: 63 | V249: 0.023809524 | W249: -0.01965812 | X249: 1078.2 | Y249: 0 | Z249: 1078.2 | AA249: -1078.2 | AB249: 45128.273 | AC249: 6.3 | AD249: 45128.283 | AE249: 5.1 | AF249: 45128.294 | AG249: 4.3 | AH249: 45128.304 | AI249: 4.8 | AJ249: 45128.315 | AK249: 5.8 | AL249: 45128.325 | AM249: 6.7 | AN249: 45128.335 | AO249: 7.2 | AP249: 45128.346 | AQ249: 7 | AR249: 45128.356 | AS249: 6.7 | AT249: 45128.367 | AU249: 6.6 | AV249: 45128.377 | AW249: 6.3 | AX249: 45128.387 | AY249: 5.6 | AZ249: 45128.398 | BA249: 5.1 | BB249: 45128.408 | BC249: 4.9 | BD249: 45128.419 | BE249: 5.7 | BF249: 45128.429 | BG249: 6.6 | BH249: 45128.44 | BI249: 6.9 | BJ249: 45128.45 | BK249: 4.1 | BL249: 45128.46 | BM249: 3.6 | BN249: 45128.471 | BO249: 3.3 | BP249: 45128.481 | BQ249: 3.1 | BR249: 45128.492 | BS249: 3.1 | BT249: 45128.502 | BU249: 3.6 | BW249: {=INDEX($AC249:$BU249, 2*(COLUMN(BV249)-COLUMN($BV249))+1)} -> 6.3 | BX249: {=INDEX($AC249:$BU249, 2*(COLUMN(BW249)-COLUMN($BV249))+1)} -> 5.1 | BY249: {=INDEX($AC249:$BU249, 2*(COLUMN(BX249)-COLUMN($BV249))+1)} -> 4.3 | BZ249: {=INDEX($AC249:$BU249, 2*(COLUMN(BY249)-COLUMN($BV249))+1)} -> 4.8 | CA249: {=INDEX($AC249:$BU249, 2*(COLUMN(BZ249)-COLUMN($BV249))+1)} -> 5.8 | CB249: {=INDEX($AC249:$BU249, 2*(COLUMN(CA249)-COLUMN($BV249))+1)} -> 6.7 | CC249: {=INDEX($AC249:$BU249, 2*(COLUMN(CB249)-COLUMN($BV249))+1)} -> 7.2 | CD249: {=INDEX($AC249:$BU249, 2*(COLUMN(CC249)-COLUMN($BV249))+1)} -> 7 | ... CS249: {=INDEX($AC249:$BU249, 2*(COLUMN(CR249)-COLUMN($BV249))+1)} -> 3.6
A250: 735005 | B250: 正常 | D250: 44406 | E250: 44406.292 | F250: 13.88 | G250: 11.7 | H250: 15.46 | I250: 16.833333 | J250: 17.78 | K250: 18.52 | L250: 19.013333 | M250: 19.093333 | N250: 18.52 | O250: 18.206667 | P250: 18.78 | Q250: 19.36 | R250: 19.02 | S250: 18.6 | T250: 19.5 | U250: 157 | V250: 0.049681529 | W250: -0.039130435 | X250: 3236.05 | Y250: 0 | Z250: 3236.05 | AA250: -3236.05 | AB250: 44406.276 | AC250: 11.2 | AD250: 44406.286 | AE250: 12.2 | AF250: 44406.297 | AG250: 14.5 | AH250: 44406.307 | AI250: 16.3 | AJ250: 44406.317 | AK250: 17.3 | AL250: 44406.328 | AM250: 18.2 | AN250: 44406.338 | AO250: 18.8 | AP250: 44406.349 | AQ250: 19.2 | AR250: 44406.359 | AS250: 19 | AT250: 44406.369 | AU250: 18.1 | AV250: 44406.38 | AW250: 18.3 | AX250: 44406.39 | AY250: 19.2 | AZ250: 44406.401 | BA250: 19.5 | BB250: 44406.411 | BC250: 18.6 | BD250: 44406.422 | BE250: 17.4 | BF250: 44406.432 | BG250: 16.2 | BH250: 44406.442 | BI250: 14.9 | BJ250: 44406.453 | BK250: 14.5 | BL250: 44406.463 | BM250: 14.7 | BN250: 44406.474 | BO250: 14.8 | BP250: 44406.484 | BQ250: 16.1 | BR250: 44406.494 | BS250: 17.4 | BT250: 44406.505 | BU250: 17.3 | BW250: {=INDEX($AC250:$BU250, 2*(COLUMN(BV250)-COLUMN($BV250))+1)} -> 11.2 | BX250: {=INDEX($AC250:$BU250, 2*(COLUMN(BW250)-COLUMN($BV250))+1)} -> 12.2 | BY250: {=INDEX($AC250:$BU250, 2*(COLUMN(BX250)-COLUMN($BV250))+1)} -> 14.5 | BZ250: {=INDEX($AC250:$BU250, 2*(COLUMN(BY250)-COLUMN($BV250))+1)} -> 16.3 | CA250: {=INDEX($AC250:$BU250, 2*(COLUMN(BZ250)-COLUMN($BV250))+1)} -> 17.3 | CB250: {=INDEX($AC250:$BU250, 2*(COLUMN(CA250)-COLUMN($BV250))+1)} -> 18.2 | CC250: {=INDEX($AC250:$BU250, 2*(COLUMN(CB250)-COLUMN($BV250))+1)} -> 18.8 | CD250: {=INDEX($AC250:$BU250, 2*(COLUMN(CC250)-COLUMN($BV250))+1)} -> 19.2 | ... CS250: {=INDEX($AC250:$BU250, 2*(COLUMN(CR250)-COLUMN($BV250))+1)} -> 17.3
A251: 735601 | B251: 正常 | D251: 45063 | E251: 45063.292 | F251: 6.7 | G251: 4.6 | H251: 6.7 | I251: 9.2 | J251: 11.3 | K251: 12.9 | L251: 14.533333 | M251: 15.566667 | N251: 16.333333 | O251: 16.933333 | P251: 17.1 | Q251: 17.233333 | R251: 16.7 | S251: 16.4 | T251: 17.3 | U251: 155 | V251: 0.081935484 | W251: -0.036 | X251: 2475 | Y251: 0 | Z251: 2475 | AA251: -2475 | AB251: 45063.274 | AC251: 4.6 | AD251: 45063.285 | AE251: 4.6 | AF251: 45063.295 | AG251: 5.3 | AH251: 45063.306 | AI251: 7.4 | AJ251: 45063.316 | AK251: 10.1 | AL251: 45063.326 | AM251: 11.9 | AN251: 45063.337 | AO251: 13.4 | AP251: 45063.347 | AQ251: 15.1 | AR251: 45063.358 | AS251: 15.8 | AT251: 45063.368 | AU251: 16.6 | AV251: 45063.378 | AW251: 17.1 | AX251: 45063.389 | AY251: 17.1 | AZ251: 45063.399 | BA251: 17.3 | BB251: 45063.41 | BC251: 16.4 | BD251: 45063.42 | BE251: 15.6 | BF251: 45063.431 | BG251: 15.3 | BH251: 45063.441 | BI251: 14.6 | BJ251: 45063.451 | BK251: 13.6 | BL251: 45063.462 | BM251: 12.7 | BN251: 45063.472 | BO251: 12.2 | BP251: 45063.483 | BQ251: 11.5 | BR251: 45063.493 | BS251: 10.5 | BT251: 45063.503 | BU251: 10.1 | BW251: {=INDEX($AC251:$BU251, 2*(COLUMN(BV251)-COLUMN($BV251))+1)} -> 4.6 | BX251: {=INDEX($AC251:$BU251, 2*(COLUMN(BW251)-COLUMN($BV251))+1)} -> 4.6 | BY251: {=INDEX($AC251:$BU251, 2*(COLUMN(BX251)-COLUMN($BV251))+1)} -> 5.3 | BZ251: {=INDEX($AC251:$BU251, 2*(COLUMN(BY251)-COLUMN($BV251))+1)} -> 7.4 | CA251: {=INDEX($AC251:$BU251, 2*(COLUMN(BZ251)-COLUMN($BV251))+1)} -> 10.1 | CB251: {=INDEX($AC251:$BU251, 2*(COLUMN(CA251)-COLUMN($BV251))+1)} -> 11.9 | CC251: {=INDEX($AC251:$BU251, 2*(COLUMN(CB251)-COLUMN($BV251))+1)} -> 13.4 | CD251: {=INDEX($AC251:$BU251, 2*(COLUMN(CC251)-COLUMN($BV251))+1)} -> 15.1 | ... CS251: {=INDEX($AC251:$BU251, 2*(COLUMN(CR251)-COLUMN($BV251))+1)} -> 10.1
A252: 737527 | B252: 正常 | D252: 44485 | E252: 44485.292 | F252: 9.13 | G252: 7.45 | H252: 7.18 | I252: 8.4533333 | J252: 10.666667 | K252: 11.58 | L252: 11.28 | M252: 10.986667 | N252: 10.82 | O252: 11.106667 | P252: 11.146667 | Q252: 10.326667 | R252: 9.2333333 | S252: 8.3 | T252: 11.6 | U252: 59 | V252: 0.070338983 | W252: -0.027272727 | X252: 1809.825 | Y252: 0 | Z252: 1809.825 | AA252: -1809.825 | AB252: 44485.281 | AC252: 7.7 | AD252: 44485.291 | AE252: 7.2 | AF252: 44485.301 | AG252: 7.1 | AH252: 44485.312 | AI252: 8.3 | AJ252: 44485.322 | AK252: 10.6 | AL252: 44485.333 | AM252: 11.6 | AN252: 44485.343 | AO252: 11.3 | AP252: 44485.353 | AQ252: 11 | AR252: 44485.364 | AS252: 10.8 | AT252: 44485.374 | AU252: 11.1 | AV252: 44485.385 | AW252: 11.2 | AX252: 44485.395 | AY252: 10.4 | AZ252: 44485.406 | BA252: 9.3 | BB252: 44485.416 | BC252: 8.3 | BD252: 44485.426 | BE252: 6.9 | BF252: 44485.437 | BG252: 6.1 | BH252: 44485.447 | BI252: 6 | BJ252: 44485.458 | BK252: 5.8 | BL252: 44485.468 | BM252: 5.8 | BN252: 44485.478 | BO252: 5.8 | BP252: 44485.489 | BQ252: 5.4 | BR252: 44485.499 | BS252: 5.7 | BT252: 44485.51 | BU252: 6.8 | BW252: {=INDEX($AC252:$BU252, 2*(COLUMN(BV252)-COLUMN($BV252))+1)} -> 7.7 | BX252: {=INDEX($AC252:$BU252, 2*(COLUMN(BW252)-COLUMN($BV252))+1)} -> 7.2 | BY252: {=INDEX($AC252:$BU252, 2*(COLUMN(BX252)-COLUMN($BV252))+1)} -> 7.1 | BZ252: {=INDEX($AC252:$BU252, 2*(COLUMN(BY252)-COLUMN($BV252))+1)} -> 8.3 | CA252: {=INDEX($AC252:$BU252, 2*(COLUMN(BZ252)-COLUMN($BV252))+1)} -> 10.6 | CB252: {=INDEX($AC252:$BU252, 2*(COLUMN(CA252)-COLUMN($BV252))+1)} -> 11.6 | CC252: {=INDEX($AC252:$BU252, 2*(COLUMN(CB252)-COLUMN($BV252))+1)} -> 11.3 | CD252: {=INDEX($AC252:$BU252, 2*(COLUMN(CC252)-COLUMN($BV252))+1)} -> 11 | ... CS252: {=INDEX($AC252:$BU252, 2*(COLUMN(CR252)-COLUMN($BV252))+1)} -> 6.8
... A258: 745962 | B258: 正常 | D258: 45185 | E258: 45185.292 | F258: 9.9016027 | G258: 10.65 | H258: 10.1 | I258: 9.8 | J258: 9.5333333 | K258: 9.3333333 | L258: 9.1 | M258: 8.7 | N258: 8.1666667 | O258: 7.8333333 | P258: 7.6 | Q258: 7.3 | R258: 7.1 | S258: 7.1 | T258: 10.2 | U258: 10 | V258: -0.045 | W258: -0.018235294 | X258: 1551.625 | Y258: 0 | Z258: 1551.625 | AA258: -1551.625 | AB258: 45185.278 | AC258: 10.9 | AD258: 45185.288 | AE258: 10.4 | AF258: 45185.299 | AG258: 10.2 | AH258: 45185.309 | AI258: 9.9 | AJ258: 45185.319 | AK258: 9.6 | AL258: 45185.33 | AM258: 9.4 | AN258: 45185.34 | AO258: 9.2 | AP258: 45185.351 | AQ258: 8.9 | AR258: 45185.361 | AS258: 8.3 | AT258: 45185.372 | AU258: 7.9 | AV258: 45185.382 | AW258: 7.7 | AX258: 45185.392 | AY258: 7.4 | AZ258: 45185.403 | BA258: 7.1 | BB258: 45185.413 | BC258: 7.1 | BD258: 45185.424 | BE258: 4.4 | BF258: 45185.434 | BG258: 4.3 | BH258: 45185.444 | BI258: 4.3 | BJ258: 45185.455 | BK258: 4.4 | BL258: 45185.465 | BM258: 4.6 | BN258: 45185.476 | BO258: 4.6 | BP258: 45185.486 | BQ258: 4.3 | BR258: 45185.497 | BS258: 3.9 | BT258: 45185.507 | BU258: 3.6 | BW258: {=INDEX($AC258:$BU258, 2*(COLUMN(BV258)-COLUMN($BV258))+1)} -> 10.9 | BX258: {=INDEX($AC258:$BU258, 2*(COLUMN(BW258)-COLUMN($BV258))+1)} -> 10.4 | BY258: {=INDEX($AC258:$BU258, 2*(COLUMN(BX258)-COLUMN($BV258))+1)} -> 10.2 | BZ258: {=INDEX($AC258:$BU258, 2*(COLUMN(BY258)-COLUMN($BV258))+1)} -> 9.9 | CA258: {=INDEX($AC258:$BU258, 2*(COLUMN(BZ258)-COLUMN($BV258))+1)} -> 9.6 | CB258: {=INDEX($AC258:$BU258, 2*(COLUMN(CA258)-COLUMN($BV258))+1)} -> 9.4 | CC258: {=INDEX($AC258:$BU258, 2*(COLUMN(CB258)-COLUMN($BV258))+1)} -> 9.2 | CD258: {=INDEX($AC258:$BU258, 2*(COLUMN(CC258)-COLUMN($BV258))+1)} -> 8.9 | ... CS258: {=INDEX($AC258:$BU258, 2*(COLUMN(CR258)-COLUMN($BV258))+1)} -> 3.6
A259: 744967 | B259: 正常 | D259: 45033 | E259: 45033.292 | F259: 6.8 | G259: 6.4 | H259: 5.4 | I259: 5.1 | J259: 5.1 | K259: 5.4 | L259: 5.9 | M259: 6.6 | N259: 6.7 | O259: 6.8 | P259: 7.3 | Q259: 7.9 | R259: 8.3 | S259: 8.7 | T259: 8.7 | U259: 180 | V259: 0.012777778 | X259: 1170.75 | Y259: 0 | Z259: 1170.75 | AA259: -1170.75 | AB259: 45033.271 | AC259: 6.7 | AD259: 45033.281 | AE259: 6.6 | AF259: 45033.292 | AG259: 5.9 | AH259: 45033.302 | AI259: 5.4 | AJ259: 45033.312 | AK259: 5.1 | AL259: 45033.323 | AM259: 5.1 | AN259: 45033.333 | AO259: 5.4 | AP259: 45033.344 | AQ259: 5.9 | AR259: 45033.354 | AS259: 6.6 | AT259: 45033.365 | AU259: 6.7 | AV259: 45033.375 | AW259: 6.8 | AX259: 45033.385 | AY259: 7.3 | AZ259: 45033.396 | BA259: 7.9 | BB259: 45033.406 | BC259: 8.3 | BD259: 45033.417 | BE259: 8.7 | BF259: 45033.427 | BG259: 8.9 | BH259: 45033.438 | BI259: 8.6 | BJ259: 45033.448 | BK259: 8.2 | BL259: 45033.458 | BM259: 7.7 | BN259: 45033.469 | BO259: 7.2 | BP259: 45033.479 | BQ259: 6.9 | BR259: 45033.49 | BS259: 6.9 | BT259: 45033.5 | BU259: 7.2 | BW259: {=INDEX($AC259:$BU259, 2*(COLUMN(BV259)-COLUMN($BV259))+1)} -> 6.7 | BX259: {=INDEX($AC259:$BU259, 2*(COLUMN(BW259)-COLUMN($BV259))+1)} -> 6.6 | BY259: {=INDEX($AC259:$BU259, 2*(COLUMN(BX259)-COLUMN($BV259))+1)} -> 5.9 | BZ259: {=INDEX($AC259:$BU259, 2*(COLUMN(BY259)-COLUMN($BV259))+1)} -> 5.4 | CA259: {=INDEX($AC259:$BU259, 2*(COLUMN(BZ259)-COLUMN($BV259))+1)} -> 5.1 | CB259: {=INDEX($AC259:$BU259, 2*(COLUMN(CA259)-COLUMN($BV259))+1)} -> 5.1 | CC259: {=INDEX($AC259:$BU259, 2*(COLUMN(CB259)-COLUMN($BV259))+1)} -> 5.4 | CD259: {=INDEX($AC259:$BU259, 2*(COLUMN(CC259)-COLUMN($BV259))+1)} -> 5.9 | ... CS259: {=INDEX($AC259:$BU259, 2*(COLUMN(CR259)-COLUMN($BV259))+1)} -> 7.2
A260: 747304 | B260: 正常 | D260: 45245 | E260: 45245.292 | F260: 10.38 | G260: 12.8 | H260: 15.133333 | I260: 15.166667 | J260: 14.993333 | K260: 15.24 | L260: 15.073333 | M260: 14.186667 | N260: 12.9 | O260: 11.54 | P260: 11.086667 | Q260: 11.58 | R260: 12.04 | S260: 12.2 | T260: 15.4 | U260: 23 | V260: 0.11304348 | W260: -0.020382166 | X260: 2421.6 | Y260: 0 | Z260: 2421.6 | AA260: -2421.6 | AB260: 45245.276 | AC260: 12.3 | AD260: 45245.287 | AE260: 13.3 | AF260: 45245.297 | AG260: 14.9 | AH260: 45245.308 | AI260: 15.4 | AJ260: 45245.318 | AK260: 14.9 | AL260: 45245.328 | AM260: 15.1 | AN260: 45245.339 | AO260: 15.4 | AP260: 45245.349 | AQ260: 14.7 | AR260: 45245.36 | AS260: 13.6 | AT260: 45245.37 | AU260: 12.1 | AV260: 45245.381 | AW260: 10.9 | AX260: 45245.391 | AY260: 11.3 | AZ260: 45245.401 | BA260: 11.9 | BB260: 45245.412 | BC260: 12.2 | BD260: 45245.422 | BE260: 13.1 | BF260: 45245.433 | BG260: 13.4 | BH260: 45245.443 | BI260: 12.8 | BJ260: 45245.453 | BK260: 12.4 | BL260: 45245.464 | BM260: 12.2 | BN260: 45245.474 | BO260: 11.9 | BP260: 45245.485 | BQ260: 11.4 | BR260: 45245.495 | BS260: 11.1 | BT260: 45245.506 | BU260: 10.8 | BW260: {=INDEX($AC260:$BU260, 2*(COLUMN(BV260)-COLUMN($BV260))+1)} -> 12.3 | BX260: {=INDEX($AC260:$BU260, 2*(COLUMN(BW260)-COLUMN($BV260))+1)} -> 13.3 | BY260: {=INDEX($AC260:$BU260, 2*(COLUMN(BX260)-COLUMN($BV260))+1)} -> 14.9 | BZ260: {=INDEX($AC260:$BU260, 2*(COLUMN(BY260)-COLUMN($BV260))+1)} -> 15.4 | CA260: {=INDEX($AC260:$BU260, 2*(COLUMN(BZ260)-COLUMN($BV260))+1)} -> 14.9 | CB260: {=INDEX($AC260:$BU260, 2*(COLUMN(CA260)-COLUMN($BV260))+1)} -> 15.1 | CC260: {=INDEX($AC260:$BU260, 2*(COLUMN(CB260)-COLUMN($BV260))+1)} -> 15.4 | CD260: {=INDEX($AC260:$BU260, 2*(COLUMN(CC260)-COLUMN($BV260))+1)} -> 14.7 | ... CS260: {=INDEX($AC260:$BU260, 2*(COLUMN(CR260)-COLUMN($BV260))+1)} -> 10.8
A261: 747999 | B261: 正常 | D261: 45302 | E261: 45302.292 | F261: 16.34 | G261: 17.2 | H261: 16.92 | I261: 17.14 | J261: 17.82 | K261: 18.32 | L261: 18.38 | M261: 18.26 | N261: 18 | O261: 17.52 | P261: 16.98 | Q261: 15.76 | R261: 14.54 | S261: 15.1 | T261: 18.4 | U261: 72 | V261: 0.016666667 | W261: -0.030555556 | X261: 3086.85 | Y261: 0 | Z261: 3086.85 | AA261: -3086.85 | AB261: 45302.279 | AC261: 17.3 | AD261: 45302.29 | AE261: 17.1 | AF261: 45302.3 | AG261: 16.9 | AH261: 45302.31 | AI261: 17 | AJ261: 45302.321 | AK261: 17.7 | AL261: 45302.331 | AM261: 18.3 | AN261: 45302.342 | AO261: 18.4 | AP261: 45302.352 | AQ261: 18.3 | AR261: 45302.363 | AS261: 18.1 | AT261: 45302.373 | AU261: 17.6 | AV261: 45302.383 | AW261: 17.2 | AX261: 45302.394 | AY261: 16.1 | AZ261: 45302.404 | BA261: 14.4 | BB261: 45302.415 | BC261: 15.1 | BD261: 45302.425 | BE261: 15.9 | BF261: 45302.435 | BG261: 14.8 | BH261: 45302.446 | BI261: 14.4 | BJ261: 45302.456 | BK261: 14.3 | BL261: 45302.467 | BM261: 13.7 | BN261: 45302.477 | BO261: 13.4 | BP261: 45302.488 | BQ261: 12.8 | BR261: 45302.498 | BS261: 12.3 | BT261: 45302.508 | BU261: 11.9 | BW261: {=INDEX($AC261:$BU261, 2*(COLUMN(BV261)-COLUMN($BV261))+1)} -> 17.3 | BX261: {=INDEX($AC261:$BU261, 2*(COLUMN(BW261)-COLUMN($BV261))+1)} -> 17.1 | BY261: {=INDEX($AC261:$BU261, 2*(COLUMN(BX261)-COLUMN($BV261))+1)} -> 16.9 | BZ261: {=INDEX($AC261:$BU261, 2*(COLUMN(BY261)-COLUMN($BV261))+1)} -> 17 | CA261: {=INDEX($AC261:$BU261, 2*(COLUMN(BZ261)-COLUMN($BV261))+1)} -> 17.7 | CB261: {=INDEX($AC261:$BU261, 2*(COLUMN(CA261)-COLUMN($BV261))+1)} -> 18.3 | CC261: {=INDEX($AC261:$BU261, 2*(COLUMN(CB261)-COLUMN($BV261))+1)} -> 18.4 | CD261: {=INDEX($AC261:$BU261, 2*(COLUMN(CC261)-COLUMN($BV261))+1)} -> 18.3 | ... CS261: {=INDEX($AC261:$BU261, 2*(COLUMN(CR261)-COLUMN($BV261))+1)} -> 11.9
A262: 747994 | B262: 正常 | D262: 44543 | E262: 44543.292 | F262: 9.33 | G262: 8.4 | H262: 11.166667 | I262: 11.766667 | J262: 11.9 | K262: 11.766667 | L262: 11.433333 | M262: 11.3 | N262: 11.1 | O262: 10.533333 | P262: 10.066667 | Q262: 9.5333333 | R262: 8.7666667 | S262: 8.3 | T262: 11.9 | U262: 40 | V262: 0.0875 | W262: -0.025714286 | X262: 1915.25 | Y262: 0 | Z262: 1915.25 | AA262: -1915.25 | AB262: 44543.278 | AC262: 7.6 | AD262: 44543.288 | AE262: 9.2 | AF262: 44543.299 | AG262: 10.9 | AH262: 44543.309 | AI262: 11.7 | AJ262: 44543.319 | AK262: 11.9 | AL262: 44543.33 | AM262: 11.9 | AN262: 44543.34 | AO262: 11.5 | AP262: 44543.351 | AQ262: 11.3 | AR262: 44543.361 | AS262: 11.3 | AT262: 44543.372 | AU262: 10.7 | AV262: 44543.382 | AW262: 10.2 | AX262: 44543.392 | AY262: 9.8 | AZ262: 44543.403 | BA262: 9 | BB262: 44543.413 | BC262: 8.3 | BD262: 44543.424 | BE262: 7.7 | BF262: 44543.434 | BG262: 7.1 | BH262: 44543.444 | BI262: 6.6 | BJ262: 44543.455 | BK262: 6.2 | BL262: 44543.465 | BM262: 6.2 | BN262: 44543.476 | BO262: 6.1 | BP262: 44543.486 | BQ262: 6.6 | BR262: 44543.497 | BS262: 7.4 | BT262: 44543.507 | BU262: 7.3 | BW262: {=INDEX($AC262:$BU262, 2*(COLUMN(BV262)-COLUMN($BV262))+1)} -> 7.6 | BX262: {=INDEX($AC262:$BU262, 2*(COLUMN(BW262)-COLUMN($BV262))+1)} -> 9.2 | BY262: {=INDEX($AC262:$BU262, 2*(COLUMN(BX262)-COLUMN($BV262))+1)} -> 10.9 | BZ262: {=INDEX($AC262:$BU262, 2*(COLUMN(BY262)-COLUMN($BV262))+1)} -> 11.7 | CA262: {=INDEX($AC262:$BU262, 2*(COLUMN(BZ262)-COLUMN($BV262))+1)} -> 11.9 | CB262: {=INDEX($AC262:$BU262, 2*(COLUMN(CA262)-COLUMN($BV262))+1)} -> 11.9 | CC262: {=INDEX($AC262:$BU262, 2*(COLUMN(CB262)-COLUMN($BV262))+1)} -> 11.5 | CD262: {=INDEX($AC262:$BU262, 2*(COLUMN(CC262)-COLUMN($BV262))+1)} -> 11.3 | ... CS262: {=INDEX($AC262:$BU262, 2*(COLUMN(CR262)-COLUMN($BV262))+1)} -> 7.3
A263: 748153 | B263: 正常 | D263: 44544 | E263: 44544.292 | F263: 12 | G263: 10.05 | H263: 10.433333 | I263: 11.266667 | J263: 12.3 | K263: 13 | L263: 13.266667 | M263: 13.366667 | N263: 13.2 | O263: 12.9 | P263: 12.766667 | Q263: 13.133333 | R263: 13.566667 | S263: 13.5 | T263: 13.6 | U263: 160 | V263: 0.0221875 | W263: -0.005 | X263: 2264.625 | Y263: 0 | Z263: 2264.625 | AA263: -2264.625 | AB263: 44544.278 | AC263: 10 | AD263: 44544.288 | AE263: 10.1 | AF263: 44544.299 | AG263: 10.2 | AH263: 44544.309 | AI263: 10.9 | AJ263: 44544.319 | AK263: 12 | AL263: 44544.33 | AM263: 12.9 | AN263: 44544.34 | AO263: 13.2 | AP263: 44544.351 | AQ263: 13.4 | AR263: 44544.361 | AS263: 13.3 | AT263: 44544.372 | AU263: 13 | AV263: 44544.382 | AW263: 12.7 | AX263: 44544.392 | AY263: 12.9 | AZ263: 44544.403 | BA263: 13.6 | BB263: 44544.413 | BC263: 13.5 | BD263: 44544.424 | BE263: 13.9 | BF263: 44544.434 | BG263: 14.7 | BH263: 44544.444 | BI263: 14.3 | BJ263: 44544.455 | BK263: 13.4 | BL263: 44544.465 | BM263: 13.1 | BN263: 44544.476 | BO263: 12.9 | BP263: 44544.486 | BQ263: 12.4 | BR263: 44544.497 | BS263: 12.8 | BT263: 44544.507 | BU263: 15.2 | BW263: {=INDEX($AC263:$BU263, 2*(COLUMN(BV263)-COLUMN($BV263))+1)} -> 10 | BX263: {=INDEX($AC263:$BU263, 2*(COLUMN(BW263)-COLUMN($BV263))+1)} -> 10.1 | BY263: {=INDEX($AC263:$BU263, 2*(COLUMN(BX263)-COLUMN($BV263))+1)} -> 10.2 | BZ263: {=INDEX($AC263:$BU263, 2*(COLUMN(BY263)-COLUMN($BV263))+1)} -> 10.9 | CA263: {=INDEX($AC263:$BU263, 2*(COLUMN(BZ263)-COLUMN($BV263))+1)} -> 12 | CB263: {=INDEX($AC263:$BU263, 2*(COLUMN(CA263)-COLUMN($BV263))+1)} -> 12.9 | CC263: {=INDEX($AC263:$BU263, 2*(COLUMN(CB263)-COLUMN($BV263))+1)} -> 13.2 | CD263: {=INDEX($AC263:$BU263, 2*(COLUMN(CC263)-COLUMN($BV263))+1)} -> 13.4 | ... CS263: {=INDEX($AC263:$BU263, 2*(COLUMN(CR263)-COLUMN($BV263))+1)} -> 15.2
A264: 746256 | B264: 正常 | D264: 44512 | E264: 44512.292 | F264: 9.66 | G264: 12.6 | H264: 13.16 | I264: 13.693333 | J264: 13.433333 | K264: 12.566667 | L264: 12.006667 | M264: 11.68 | N264: 11.453333 | O264: 11.693333 | P264: 12.093333 | Q264: 11.833333 | R264: 10.966667 | S264: 10.7 | T264: 13.8 | U264: 34 | V264: 0.035294118 | W264: -0.021232877 | X264: 2193.45 | Y264: 0 | Z264: 2193.45 | AA264: -2193.45 | AB264: 44512.274 | AC264: 12.6 | AD264: 44512.284 | AE264: 12.6 | AF264: 44512.294 | AG264: 12.5 | AH264: 44512.305 | AI264: 13.4 | AJ264: 44512.315 | AK264: 13.8 | AL264: 44512.326 | AM264: 13.3 | AN264: 44512.336 | AO264: 12.3 | AP264: 44512.347 | AQ264: 11.9 | AR264: 44512.357 | AS264: 11.6 | AT264: 44512.367 | AU264: 11.4 | AV264: 44512.378 | AW264: 11.8 | AX264: 44512.388 | AY264: 12.2 | AZ264: 44512.399 | BA264: 11.7 | BB264: 44512.409 | BC264: 10.7 | BD264: 44512.419 | BE264: 10.2 | BF264: 44512.43 | BG264: 9.5 | BH264: 44512.44 | BI264: 8.8 | BJ264: 44512.451 | BK264: 8.4 | BL264: 44512.461 | BM264: 8.3 | BN264: 44512.472 | BO264: 8.1 | BP264: 44512.482 | BQ264: 8.1 | BR264: 44512.492 | BS264: 7.9 | BT264: 44512.503 | BU264: 7.6 | BW264: {=INDEX($AC264:$BU264, 2*(COLUMN(BV264)-COLUMN($BV264))+1)} -> 12.6 | BX264: {=INDEX($AC264:$BU264, 2*(COLUMN(BW264)-COLUMN($BV264))+1)} -> 12.6 | BY264: {=INDEX($AC264:$BU264, 2*(COLUMN(BX264)-COLUMN($BV264))+1)} -> 12.5 | BZ264: {=INDEX($AC264:$BU264, 2*(COLUMN(BY264)-COLUMN($BV264))+1)} -> 13.4 | CA264: {=INDEX($AC264:$BU264, 2*(COLUMN(BZ264)-COLUMN($BV264))+1)} -> 13.8 | CB264: {=INDEX($AC264:$BU264, 2*(COLUMN(CA264)-COLUMN($BV264))+1)} -> 13.3 | CC264: {=INDEX($AC264:$BU264, 2*(COLUMN(CB264)-COLUMN($BV264))+1)} -> 12.3 | CD264: {=INDEX($AC264:$BU264, 2*(COLUMN(CC264)-COLUMN($BV264))+1)} -> 11.9 | ... CS264: {=INDEX($AC264:$BU264, 2*(COLUMN(CR264)-COLUMN($BV264))+1)} -> 7.6
A265: 749894 | B265: 正常 | D265: 44559 | E265: 44559.292 | F265: 9 | G265: 8.1 | H265: 11.9 | I265: 13.4 | J265: 14.986667 | K265: 15.98 | L265: 16.62 | M265: 16.7 | N265: 15.92 | O265: 15.366667 | P265: 15.646667 | Q265: 15.44 | R265: 14.533333 | S265: 14.4 | T265: 16.7 | U265: 77 | V265: 0.11168831 | W265: -0.022330097 | X265: 2666.15 | Y265: 0 | Z265: 2666.15 | AA265: -2666.15 | AB265: 44559.272 | AC265: 7.6 | AD265: 44559.283 | AE265: 8.6 | AF265: 44559.293 | AG265: 10.6 | AH265: 44559.303 | AI265: 12.1 | AJ265: 44559.314 | AK265: 13.6 | AL265: 44559.324 | AM265: 15.2 | AN265: 44559.335 | AO265: 16.1 | AP265: 44559.345 | AQ265: 16.7 | AR265: 44559.356 | AS265: 16.7 | AT265: 44559.366 | AU265: 15.8 | AV265: 44559.376 | AW265: 15.3 | AX265: 44559.387 | AY265: 15.7 | AZ265: 44559.397 | BA265: 15.4 | BB265: 44559.408 | BC265: 14.4 | BD265: 44559.418 | BE265: 13.3 | BF265: 44559.428 | BG265: 12.7 | BH265: 44559.439 | BI265: 12.3 | BJ265: 44559.449 | BK265: 11.9 | BL265: 44559.46 | BM265: 11.2 | BN265: 44559.47 | BO265: 11.2 | BP265: 44559.481 | BQ265: 12.7 | BR265: 44559.491 | BS265: 14.8 | BT265: 44559.501 | BU265: 15.8 | BW265: {=INDEX($AC265:$BU265, 2*(COLUMN(BV265)-COLUMN($BV265))+1)} -> 7.6 | BX265: {=INDEX($AC265:$BU265, 2*(COLUMN(BW265)-COLUMN($BV265))+1)} -> 8.6 | BY265: {=INDEX($AC265:$BU265, 2*(COLUMN(BX265)-COLUMN($BV265))+1)} -> 10.6 | BZ265: {=INDEX($AC265:$BU265, 2*(COLUMN(BY265)-COLUMN($BV265))+1)} -> 12.1 | CA265: {=INDEX($AC265:$BU265, 2*(COLUMN(BZ265)-COLUMN($BV265))+1)} -> 13.6 | CB265: {=INDEX($AC265:$BU265, 2*(COLUMN(CA265)-COLUMN($BV265))+1)} -> 15.2 | CC265: {=INDEX($AC265:$BU265, 2*(COLUMN(CB265)-COLUMN($BV265))+1)} -> 16.1 | CD265: {=INDEX($AC265:$BU265, 2*(COLUMN(CC265)-COLUMN($BV265))+1)} -> 16.7 | ... CS265: {=INDEX($AC265:$BU265, 2*(COLUMN(CR265)-COLUMN($BV265))+1)} -> 15.8
A266: 750736 | B266: 正常 | D266: 44567 | E266: 44567.292 | F266: 6.89 | G266: 6.2 | H266: 6.94 | I266: 8.8866667 | J266: 11.433333 | K266: 13.72 | L266: 15.713333 | M266: 16.92 | N266: 16.88 | O266: 16.493333 | P266: 16.346667 | Q266: 16.033333 | R266: 15.586667 | S266: 15.4 | T266: 17.2 | U266: 97 | V266: 0.11340206 | W266: -0.021686747 | X266: 2486.3 | Y266: 0 | Z266: 2486.3 | AA266: -2486.3 | AB266: 44567.276 | AC266: 6.2 | AD266: 44567.286 | AE266: 6.2 | AF266: 44567.297 | AG266: 6.3 | AH266: 44567.307 | AI266: 7.5 | AJ266: 44567.317 | AK266: 10.1 | AL266: 44567.328 | AM266: 12.6 | AN266: 44567.338 | AO266: 14.7 | AP266: 44567.349 | AQ266: 16.6 | AR266: 44567.359 | AS266: 17.2 | AT266: 44567.369 | AU266: 16.6 | AV266: 44567.38 | AW266: 16.4 | AX266: 44567.39 | AY266: 16.3 | AZ266: 44567.401 | BA266: 15.8 | BB266: 44567.411 | BC266: 15.4 | BD266: 44567.422 | BE266: 14.9 | BF266: 44567.432 | BG266: 14.2 | BH266: 44567.442 | BI266: 13.4 | BJ266: 44567.453 | BK266: 12.9 | BL266: 44567.463 | BM266: 12.1 | BN266: 44567.474 | BO266: 11.8 | BP266: 44567.484 | BQ266: 12.6 | BR266: 44567.494 | BS266: 13.9 | BT266: 44567.505 | BU266: 15.7 | BW266: {=INDEX($AC266:$BU266, 2*(COLUMN(BV266)-COLUMN($BV266))+1)} -> 6.2 | BX266: {=INDEX($AC266:$BU266, 2*(COLUMN(BW266)-COLUMN($BV266))+1)} -> 6.2 | BY266: {=INDEX($AC266:$BU266, 2*(COLUMN(BX266)-COLUMN($BV266))+1)} -> 6.3 | BZ266: {=INDEX($AC266:$BU266, 2*(COLUMN(BY266)-COLUMN($BV266))+1)} -> 7.5 | CA266: {=INDEX($AC266:$BU266, 2*(COLUMN(BZ266)-COLUMN($BV266))+1)} -> 10.1 | CB266: {=INDEX($AC266:$BU266, 2*(COLUMN(CA266)-COLUMN($BV266))+1)} -> 12.6 | CC266: {=INDEX($AC266:$BU266, 2*(COLUMN(CB266)-COLUMN($BV266))+1)} -> 14.7 | CD266: {=INDEX($AC266:$BU266, 2*(COLUMN(CC266)-COLUMN($BV266))+1)} -> 16.6 | ... CS266: {=INDEX($AC266:$BU266, 2*(COLUMN(CR266)-COLUMN($BV266))+1)} -> 15.7
...

Sheet Sheet2
A1: 5.4 | B1: 5.6 | C1: 5.8 | D1: 5.7 | E1: 5.7 | F1: 5.7 | G1: 5.7 | H1: 5.8 | I1: 6.3 | J1: 6.9 | K1: 7.2 | L1: 7.4 | M1: 7.8 | N1: 7.9 | O1: 7.6 | P1: 7.4 | Q1: 7.3 | R1: 7.5 | S1: 7.4 | T1: 7 | U1: 6.4 | V1: 6.2 | W1: 6.1
A2: 8.7 | B2: 8.5 | C2: 8.7 | D2: 9 | E2: 9 | F2: 9 | G2: 9 | H2: 8.8 | I2: 8.8 | J2: 8.7 | K2: 8.4 | L2: 8.6 | M2: 8.8 | N2: 8.2 | O2: 7.6 | P2: 7.3 | Q2: 7.3 | R2: 7.1 | S2: 6.9 | T2: 6.8 | U2: 6.7 | V2: 6.6 | W2: 6.6
A3: 6.8 | B3: 7 | C3: 6.8 | D3: 6.4 | E3: 6.1 | F3: 5.8 | G3: 6.1 | H3: 7.7 | I3: 10.4 | J3: 12.1 | K3: 11.7 | L3: 11.1 | M3: 11.1 | N3: 10.9 | O3: 10.5 | P3: 10.2 | Q3: 9.5 | R3: 8.3 | S3: 7.4 | T3: 7.1 | U3: 6.7 | V3: 6.5 | W3: 6.8
A4: 9.7 | B4: 9.9 | C4: 10.1 | D4: 10.3 | E4: 10.2 | F4: 9.9 | G4: 9.3 | H4: 8.7 | I4: 9 | J4: 10.2 | K4: 11.2 | L4: 11.4 | M4: 11 | N4: 10.6 | O4: 10.3 | P4: 10.1 | Q4: 10.2 | R4: 10.2 | S4: 9.6 | T4: 8.2 | U4: 7.1 | V4: 7.2 | W4: 7.5
A5: 7.7 | B5: 8.4 | C5: 9.1 | D5: 9.4 | E5: 9.6 | F5: 9.4 | G5: 9.3 | H5: 9.6 | I5: 9.5 | J5: 9.1 | K5: 9.1 | L5: 9.3 | M5: 9.4 | N5: 9.8 | O5: 10.3 | P5: 10 | Q5: 9.7 | R5: 9.8 | S5: 9.7 | T5: 9.8 | U5: 10.1 | V5: 10.7 | W5: 10.8
A6: 11.1 | B6: 10.4 | C6: 10.1 | D6: 9.3 | E6: 8.8 | F6: 8.9 | G6: 8.8 | H6: 8.9 | I6: 10.2 | J6: 12 | K6: 12.6 | L6: 12.1 | M6: 11.6 | N6: 11 | O6: 10.6 | P6: 10.9 | Q6: 10.5 | R6: 9.9 | S6: 9.7 | T6: 9.6 | U6: 9.8 | V6: 9.8 | W6: 10.2
A7: 10.5 | B7: 10.3 | C7: 10.1 | D7: 10.1 | E7: 10.1 | F7: 10.1 | G7: 10.2 | H7: 10.4 | I7: 10.7 | J7: 10.9 | K7: 10.6 | L7: 10.5 | M7: 10.3 | N7: 9.7 | O7: 9.6 | P7: 10.2 | Q7: 10.6 | R7: 10.8 | S7: 10.5 | T7: 10.3 | U7: 10.3 | V7: 10.2 | W7: 10.1
A8: 6.4 | B8: 6.4 | C8: 6.6 | D8: 6.6 | E8: 6.7 | F8: 7.2 | G8: 7.5 | H8: 7.3 | I8: 7.3 | J8: 7.6 | K8: 7.9 | L8: 7.7 | M8: 7.4 | N8: 7.8 | O8: 8.1 | P8: 7.8 | Q8: 7.8 | R8: 7.6 | S8: 7 | T8: 6.9 | U8: 7.1 | V8: 7.3 | W8: 7.1
A9: 9.9 | B9: 10.2 | C9: 10.3 | D9: 10.4 | E9: 10.4 | F9: 10.8 | G9: 10.8 | H9: 10.4 | I9: 10 | J9: 10 | K9: 10.2 | L9: 10.1 | M9: 9.8 | N9: 9.7 | O9: 9.3 | P9: 9.2 | Q9: 9.5 | R9: 9.8 | S9: 10 | T9: 10.2 | U9: 10.8 | V9: 11.5 | W9: 11.8
A10: 13.4 | B10: 13.9 | C10: 15.3 | D10: 17.1 | E10: 19 | F10: 20.6 | G10: 21.8 | H10: 22.1 | I10: 21.5 | J10: 21.1 | K10: 20.8 | L10: 20 | M10: 19.2 | N10: 18.7 | O10: 18 | P10: 17.2 | Q10: 16.8 | R10: 16.8 | S10: 16.4 | T10: 15.6 | U10: 15.3 | V10: 15.8 | W10: 16.7
A11: 8.5 | B11: 8.7 | C11: 8.8 | D11: 9.9 | E11: 12.3 | F11: 14.7 | G11: 16.7 | H11: 18.2 | I11: 19.1 | J11: 18.5 | K11: 17.2 | L11: 16.2 | M11: 15.5 | N11: 15.3 | O11: 15.7 | P11: 15.8 | Q11: 15.4 | R11: 14.6 | S11: 13.8 | T11: 12.8 | U11: 12 | V11: 10.9 | W11: 9.7
A12: 13.7 | B12: 13.6 | C12: 13.5 | D12: 13.1 | E12: 12.7 | F12: 11.8 | G12: 11.2 | H12: 11.8 | I12: 12.9 | J12: 13.4 | K12: 13.3 | L12: 13 | M12: 12.4 | N12: 11.7 | O12: 11.9 | P12: 12.4 | Q12: 12.6 | R12: 12.9 | S12: 13.7 | T12: 14.3 | U12: 14.1 | V12: 13.1 | W12: 11.9
... A452: 8.9 | B452: 8.5 | C452: 8.5 | D452: 9.3 | E452: 10.3 | F452: 10 | G452: 8.6 | H452: 7.3 | I452: 6.6 | J452: 6.3 | K452: 6.2 | L452: 6.1 | M452: 6.3 | N452: 6.7 | O452: 6.8 | P452: 6.7 | Q452: 6.6 | R452: 6.5 | S452: 6.4 | T452: 6.1 | U452: 5.5 | V452: 5.2 | W452: 5.1

Sheet 去基线
A1: 1 | B1: 2 | C1: 3 | D1: 4 | E1: 5 | F1: 6 | G1: 7 | H1: 8 | I1: 9 | J1: 10 | K1: 11 | L1: 12 | M1: 13 | N1: 14 | O1: 15 | P1: 16 | Q1: 17 | R1: 18 | S1: 19 | T1: 20 | U1: 21 | V1: 22 | W1: 23
A2: =Sheet2!A1 - Sheet1!$G2 -> -0.1 | B2: =Sheet2!B1 - Sheet1!$G2 -> 0.1 | C2: =Sheet2!C1 - Sheet1!$G2 -> 0.3 | D2: =Sheet2!D1 - Sheet1!$G2 -> 0.2 | E2: =Sheet2!E1 - Sheet1!$G2 -> 0.2 | F2: =Sheet2!F1 - Sheet1!$G2 -> 0.2 | G2: =Sheet2!G1 - Sheet1!$G2 -> 0.2 | H2: =Sheet2!H1 - Sheet1!$G2 -> 0.3 | ... W2: =Sheet2!W1 - Sheet1!$G2 -> 0.6
A3: =Sheet2!A2 - Sheet1!$G3 -> 0.1 | B3: =Sheet2!B2 - Sheet1!$G3 -> -0.1 | C3: =Sheet2!C2 - Sheet1!$G3 -> 0.1 | D3: =Sheet2!D2 - Sheet1!$G3 -> 0.4 | E3: =Sheet2!E2 - Sheet1!$G3 -> 0.4 | F3: =Sheet2!F2 - Sheet1!$G3 -> 0.4 | G3: =Sheet2!G2 - Sheet1!$G3 -> 0.4 | H3: =Sheet2!H2 - Sheet1!$G3 -> 0.2 | ... W3: =Sheet2!W2 - Sheet1!$G3 -> -2
A4: =Sheet2!A3 - Sheet1!$G4 -> -0.1 | B4: =Sheet2!B3 - Sheet1!$G4 -> 0.1 | C4: =Sheet2!C3 - Sheet1!$G4 -> -0.1 | D4: =Sheet2!D3 - Sheet1!$G4 -> -0.5 | E4: =Sheet2!E3 - Sheet1!$G4 -> -0.8 | F4: =Sheet2!F3 - Sheet1!$G4 -> -1.1 | G4: =Sheet2!G3 - Sheet1!$G4 -> -0.8 | H4: =Sheet2!H3 - Sheet1!$G4 -> 0.8 | ... W4: =Sheet2!W3 - Sheet1!$G4 -> -0.1
A5: =Sheet2!A4 - Sheet1!$G5 -> -0.1 | B5: =Sheet2!B4 - Sheet1!$G5 -> 0.1 | C5: =Sheet2!C4 - Sheet1!$G5 -> 0.3 | D5: =Sheet2!D4 - Sheet1!$G5 -> 0.5 | E5: =Sheet2!E4 - Sheet1!$G5 -> 0.4 | F5: =Sheet2!F4 - Sheet1!$G5 -> 0.1 | G5: =Sheet2!G4 - Sheet1!$G5 -> -0.5 | H5: =Sheet2!H4 - Sheet1!$G5 -> -1.1 | ... W5: =Sheet2!W4 - Sheet1!$G5 -> -2.3
A6: =Sheet2!A5 - Sheet1!$G6 -> -0.35 | B6: =Sheet2!B5 - Sheet1!$G6 -> 0.35 | C6: =Sheet2!C5 - Sheet1!$G6 -> 1.05 | D6: =Sheet2!D5 - Sheet1!$G6 -> 1.35 | E6: =Sheet2!E5 - Sheet1!$G6 -> 1.55 | F6: =Sheet2!F5 - Sheet1!$G6 -> 1.35 | G6: =Sheet2!G5 - Sheet1!$G6 -> 1.25 | H6: =Sheet2!H5 - Sheet1!$G6 -> 1.55 | ... W6: =Sheet2!W5 - Sheet1!$G6 -> 2.75
A7: =Sheet2!A6 - Sheet1!$G7 -> 0.35 | B7: =Sheet2!B6 - Sheet1!$G7 -> -0.35 | C7: =Sheet2!C6 - Sheet1!$G7 -> -0.65 | D7: =Sheet2!D6 - Sheet1!$G7 -> -1.45 | E7: =Sheet2!E6 - Sheet1!$G7 -> -1.95 | F7: =Sheet2!F6 - Sheet1!$G7 -> -1.85 | G7: =Sheet2!G6 - Sheet1!$G7 -> -1.95 | H7: =Sheet2!H6 - Sheet1!$G7 -> -1.85 | ... W7: =Sheet2!W6 - Sheet1!$G7 -> -0.55
A8: =Sheet2!A7 - Sheet1!$G8 -> 0.1 | B8: =Sheet2!B7 - Sheet1!$G8 -> -0.1 | C8: =Sheet2!C7 - Sheet1!$G8 -> -0.3 | D8: =Sheet2!D7 - Sheet1!$G8 -> -0.3 | E8: =Sheet2!E7 - Sheet1!$G8 -> -0.3 | F8: =Sheet2!F7 - Sheet1!$G8 -> -0.3 | G8: =Sheet2!G7 - Sheet1!$G8 -> -0.2 | H8: =Sheet2!H7 - Sheet1!$G8 -> 0 | ... W8: =Sheet2!W7 - Sheet1!$G8 -> -0.3
A9: =Sheet2!A8 - Sheet1!$G9 -> 0 | B9: =Sheet2!B8 - Sheet1!$G9 -> 0 | C9: =Sheet2!C8 - Sheet1!$G9 -> 0.2 | D9: =Sheet2!D8 - Sheet1!$G9 -> 0.2 | E9: =Sheet2!E8 - Sheet1!$G9 -> 0.3 | F9: =Sheet2!F8 - Sheet1!$G9 -> 0.8 | G9: =Sheet2!G8 - Sheet1!$G9 -> 1.1 | H9: =Sheet2!H8 - Sheet1!$G9 -> 0.9 | ... W9: =Sheet2!W8 - Sheet1!$G9 -> 0.7
A10: =Sheet2!A9 - Sheet1!$G10 -> -0.15 | B10: =Sheet2!B9 - Sheet1!$G10 -> 0.15 | C10: =Sheet2!C9 - Sheet1!$G10 -> 0.25 | D10: =Sheet2!D9 - Sheet1!$G10 -> 0.35 | E10: =Sheet2!E9 - Sheet1!$G10 -> 0.35 | F10: =Sheet2!F9 - Sheet1!$G10 -> 0.75 | G10: =Sheet2!G9 - Sheet1!$G10 -> 0.75 | H10: =Sheet2!H9 - Sheet1!$G10 -> 0.35 | ... W10: =Sheet2!W9 - Sheet1!$G10 -> 1.75
A11: =Sheet2!A10 - Sheet1!$G11 -> -0.25 | B11: =Sheet2!B10 - Sheet1!$G11 -> 0.25 | C11: =Sheet2!C10 - Sheet1!$G11 -> 1.65 | D11: =Sheet2!D10 - Sheet1!$G11 -> 3.45 | E11: =Sheet2!E10 - Sheet1!$G11 -> 5.35 | F11: =Sheet2!F10 - Sheet1!$G11 -> 6.95 | G11: =Sheet2!G10 - Sheet1!$G11 -> 8.15 | H11: =Sheet2!H10 - Sheet1!$G11 -> 8.45 | ... W11: =Sheet2!W10 - Sheet1!$G11 -> 3.05
A12: =Sheet2!A11 - Sheet1!$G12 -> -0.1 | B12: =Sheet2!B11 - Sheet1!$G12 -> 0.1 | C12: =Sheet2!C11 - Sheet1!$G12 -> 0.2 | D12: =Sheet2!D11 - Sheet1!$G12 -> 1.3 | E12: =Sheet2!E11 - Sheet1!$G12 -> 3.7 | F12: =Sheet2!F11 - Sheet1!$G12 -> 6.1 | G12: =Sheet2!G11 - Sheet1!$G12 -> 8.1 | H12: =Sheet2!H11 - Sheet1!$G12 -> 9.6 | ... W12: =Sheet2!W11 - Sheet1!$G12 -> 1.1
A13: =Sheet2!A12 - Sheet1!$G13 -> 0.1 | B13: =Sheet2!B12 - Sheet1!$G13 -> 0 | C13: =Sheet2!C12 - Sheet1!$G13 -> -0.1 | D13: =Sheet2!D12 - Sheet1!$G13 -> -0.5 | E13: =Sheet2!E12 - Sheet1!$G13 -> -0.9 | F13: =Sheet2!F12 - Sheet1!$G13 -> -1.8 | G13: =Sheet2!G12 - Sheet1!$G13 -> -2.4 | H13: =Sheet2!H12 - Sheet1!$G13 -> -1.8 | ... W13: =Sheet2!W12 - Sheet1!$G13 -> -1.7
... A453: =Sheet2!A452 - Sheet1!$G453 -> 0.2 | B453: =Sheet2!B452 - Sheet1!$G453 -> -0.2 | C453: =Sheet2!C452 - Sheet1!$G453 -> -0.2 | D453: =Sheet2!D452 - Sheet1!$G453 -> 0.6 | E453: =Sheet2!E452 - Sheet1!$G453 -> 1.6 | F453: =Sheet2!F452 - Sheet1!$G453 -> 1.3 | G453: =Sheet2!G452 - Sheet1!$G453 -> -0.1 | H453: =Sheet2!H452 - Sheet1!$G453 -> -1.4 | ... W453: =Sheet2!W452 - Sheet1!$G453 -> -3.6

Sheet 相对变化
A1: 1 | B1: 2 | C1: 3 | D1: 4 | E1: 5 | F1: 6 | G1: 7 | H1: 8 | I1: 9 | J1: 10 | K1: 11 | L1: 12 | M1: 13 | N1: 14 | O1: 15 | P1: 16 | Q1: 17 | R1: 18 | S1: 19 | T1: 20 | U1: 21 | V1: 22 | W1: 23
A2: =(Sheet2!A1 - Sheet1!$G2) / Sheet1!$G2 -> -0.018181818 | B2: =(Sheet2!B1 - Sheet1!$G2) / Sheet1!$G2 -> 0.018181818 | C2: =(Sheet2!C1 - Sheet1!$G2) / Sheet1!$G2 -> 0.054545455 | D2: =(Sheet2!D1 - Sheet1!$G2) / Sheet1!$G2 -> 0.036363636 | E2: =(Sheet2!E1 - Sheet1!$G2) / Sheet1!$G2 -> 0.036363636 | F2: =(Sheet2!F1 - Sheet1!$G2) / Sheet1!$G2 -> 0.036363636 | G2: =(Sheet2!G1 - Sheet1!$G2) / Sheet1!$G2 -> 0.036363636 | H2: =(Sheet2!H1 - Sheet1!$G2) / Sheet1!$G2 -> 0.054545455 | ... W2: =(Sheet2!W1 - Sheet1!$G2) / Sheet1!$G2 -> 0.10909091
A3: =(Sheet2!A2 - Sheet1!$G3) / Sheet1!$G3 -> 0.011627907 | B3: =(Sheet2!B2 - Sheet1!$G3) / Sheet1!$G3 -> -0.011627907 | C3: =(Sheet2!C2 - Sheet1!$G3) / Sheet1!$G3 -> 0.011627907 | D3: =(Sheet2!D2 - Sheet1!$G3) / Sheet1!$G3 -> 0.046511628 | E3: =(Sheet2!E2 - Sheet1!$G3) / Sheet1!$G3 -> 0.046511628 | F3: =(Sheet2!F2 - Sheet1!$G3) / Sheet1!$G3 -> 0.046511628 | G3: =(Sheet2!G2 - Sheet1!$G3) / Sheet1!$G3 -> 0.046511628 | H3: =(Sheet2!H2 - Sheet1!$G3) / Sheet1!$G3 -> 0.023255814 | ... W3: =(Sheet2!W2 - Sheet1!$G3) / Sheet1!$G3 -> -0.23255814
A4: =(Sheet2!A3 - Sheet1!$G4) / Sheet1!$G4 -> -0.014492754 | B4: =(Sheet2!B3 - Sheet1!$G4) / Sheet1!$G4 -> 0.014492754 | C4: =(Sheet2!C3 - Sheet1!$G4) / Sheet1!$G4 -> -0.014492754 | D4: =(Sheet2!D3 - Sheet1!$G4) / Sheet1!$G4 -> -0.072463768 | E4: =(Sheet2!E3 - Sheet1!$G4) / Sheet1!$G4 -> -0.11594203 | F4: =(Sheet2!F3 - Sheet1!$G4) / Sheet1!$G4 -> -0.15942029 | G4: =(Sheet2!G3 - Sheet1!$G4) / Sheet1!$G4 -> -0.11594203 | H4: =(Sheet2!H3 - Sheet1!$G4) / Sheet1!$G4 -> 0.11594203 | ... W4: =(Sheet2!W3 - Sheet1!$G4) / Sheet1!$G4 -> -0.014492754
A5: =(Sheet2!A4 - Sheet1!$G5) / Sheet1!$G5 -> -0.010204082 | B5: =(Sheet2!B4 - Sheet1!$G5) / Sheet1!$G5 -> 0.010204082 | C5: =(Sheet2!C4 - Sheet1!$G5) / Sheet1!$G5 -> 0.030612245 | D5: =(Sheet2!D4 - Sheet1!$G5) / Sheet1!$G5 -> 0.051020408 | E5: =(Sheet2!E4 - Sheet1!$G5) / Sheet1!$G5 -> 0.040816327 | F5: =(Sheet2!F4 - Sheet1!$G5) / Sheet1!$G5 -> 0.010204082 | G5: =(Sheet2!G4 - Sheet1!$G5) / Sheet1!$G5 -> -0.051020408 | H5: =(Sheet2!H4 - Sheet1!$G5) / Sheet1!$G5 -> -0.1122449 | ... W5: =(Sheet2!W4 - Sheet1!$G5) / Sheet1!$G5 -> -0.23469388
A6: =(Sheet2!A5 - Sheet1!$G6) / Sheet1!$G6 -> -0.043478261 | B6: =(Sheet2!B5 - Sheet1!$G6) / Sheet1!$G6 -> 0.043478261 | C6: =(Sheet2!C5 - Sheet1!$G6) / Sheet1!$G6 -> 0.13043478 | D6: =(Sheet2!D5 - Sheet1!$G6) / Sheet1!$G6 -> 0.16770186 | E6: =(Sheet2!E5 - Sheet1!$G6) / Sheet1!$G6 -> 0.19254658 | F6: =(Sheet2!F5 - Sheet1!$G6) / Sheet1!$G6 -> 0.16770186 | G6: =(Sheet2!G5 - Sheet1!$G6) / Sheet1!$G6 -> 0.1552795 | H6: =(Sheet2!H5 - Sheet1!$G6) / Sheet1!$G6 -> 0.19254658 | ... W6: =(Sheet2!W5 - Sheet1!$G6) / Sheet1!$G6 -> 0.34161491
A7: =(Sheet2!A6 - Sheet1!$G7) / Sheet1!$G7 -> 0.03255814 | B7: =(Sheet2!B6 - Sheet1!$G7) / Sheet1!$G7 -> -0.03255814 | C7: =(Sheet2!C6 - Sheet1!$G7) / Sheet1!$G7 -> -0.060465116 | D7: =(Sheet2!D6 - Sheet1!$G7) / Sheet1!$G7 -> -0.13488372 | E7: =(Sheet2!E6 - Sheet1!$G7) / Sheet1!$G7 -> -0.18139535 | F7: =(Sheet2!F6 - Sheet1!$G7) / Sheet1!$G7 -> -0.17209302 | G7: =(Sheet2!G6 - Sheet1!$G7) / Sheet1!$G7 -> -0.18139535 | H7: =(Sheet2!H6 - Sheet1!$G7) / Sheet1!$G7 -> -0.17209302 | ... W7: =(Sheet2!W6 - Sheet1!$G7) / Sheet1!$G7 -> -0.051162791
A8: =(Sheet2!A7 - Sheet1!$G8) / Sheet1!$G8 -> 0.0096153846 | B8: =(Sheet2!B7 - Sheet1!$G8) / Sheet1!$G8 -> -0.0096153846 | C8: =(Sheet2!C7 - Sheet1!$G8) / Sheet1!$G8 -> -0.028846154 | D8: =(Sheet2!D7 - Sheet1!$G8) / Sheet1!$G8 -> -0.028846154 | E8: =(Sheet2!E7 - Sheet1!$G8) / Sheet1!$G8 -> -0.028846154 | F8: =(Sheet2!F7 - Sheet1!$G8) / Sheet1!$G8 -> -0.028846154 | G8: =(Sheet2!G7 - Sheet1!$G8) / Sheet1!$G8 -> -0.019230769 | H8: =(Sheet2!H7 - Sheet1!$G8) / Sheet1!$G8 -> 0 | ... W8: =(Sheet2!W7 - Sheet1!$G8) / Sheet1!$G8 -> -0.028846154
A9: =(Sheet2!A8 - Sheet1!$G9) / Sheet1!$G9 -> 0 | B9: =(Sheet2!B8 - Sheet1!$G9) / Sheet1!$G9 -> 0 | C9: =(Sheet2!C8 - Sheet1!$G9) / Sheet1!$G9 -> 0.03125 | D9: =(Sheet2!D8 - Sheet1!$G9) / Sheet1!$G9 -> 0.03125 | E9: =(Sheet2!E8 - Sheet1!$G9) / Sheet1!$G9 -> 0.046875 | F9: =(Sheet2!F8 - Sheet1!$G9) / Sheet1!$G9 -> 0.125 | G9: =(Sheet2!G8 - Sheet1!$G9) / Sheet1!$G9 -> 0.171875 | H9: =(Sheet2!H8 - Sheet1!$G9) / Sheet1!$G9 -> 0.140625 | ... W9: =(Sheet2!W8 - Sheet1!$G9) / Sheet1!$G9 -> 0.109375
A10: =(Sheet2!A9 - Sheet1!$G10) / Sheet1!$G10 -> -0.014925373 | B10: =(Sheet2!B9 - Sheet1!$G10) / Sheet1!$G10 -> 0.014925373 | C10: =(Sheet2!C9 - Sheet1!$G10) / Sheet1!$G10 -> 0.024875622 | D10: =(Sheet2!D9 - Sheet1!$G10) / Sheet1!$G10 -> 0.034825871 | E10: =(Sheet2!E9 - Sheet1!$G10) / Sheet1!$G10 -> 0.034825871 | F10: =(Sheet2!F9 - Sheet1!$G10) / Sheet1!$G10 -> 0.074626866 | G10: =(Sheet2!G9 - Sheet1!$G10) / Sheet1!$G10 -> 0.074626866 | H10: =(Sheet2!H9 - Sheet1!$G10) / Sheet1!$G10 -> 0.034825871 | ... W10: =(Sheet2!W9 - Sheet1!$G10) / Sheet1!$G10 -> 0.17412935
A11: =(Sheet2!A10 - Sheet1!$G11) / Sheet1!$G11 -> -0.018315018 | B11: =(Sheet2!B10 - Sheet1!$G11) / Sheet1!$G11 -> 0.018315018 | C11: =(Sheet2!C10 - Sheet1!$G11) / Sheet1!$G11 -> 0.12087912 | D11: =(Sheet2!D10 - Sheet1!$G11) / Sheet1!$G11 -> 0.25274725 | E11: =(Sheet2!E10 - Sheet1!$G11) / Sheet1!$G11 -> 0.39194139 | F11: =(Sheet2!F10 - Sheet1!$G11) / Sheet1!$G11 -> 0.50915751 | G11: =(Sheet2!G10 - Sheet1!$G11) / Sheet1!$G11 -> 0.5970696 | H11: =(Sheet2!H10 - Sheet1!$G11) / Sheet1!$G11 -> 0.61904762 | ... W11: =(Sheet2!W10 - Sheet1!$G11) / Sheet1!$G11 -> 0.22344322
A12: =(Sheet2!A11 - Sheet1!$G12) / Sheet1!$G12 -> -0.011627907 | B12: =(Sheet2!B11 - Sheet1!$G12) / Sheet1!$G12 -> 0.011627907 | C12: =(Sheet2!C11 - Sheet1!$G12) / Sheet1!$G12 -> 0.023255814 | D12: =(Sheet2!D11 - Sheet1!$G12) / Sheet1!$G12 -> 0.15116279 | E12: =(Sheet2!E11 - Sheet1!$G12) / Sheet1!$G12 -> 0.43023256 | F12: =(Sheet2!F11 - Sheet1!$G12) / Sheet1!$G12 -> 0.70930233 | G12: =(Sheet2!G11 - Sheet1!$G12) / Sheet1!$G12 -> 0.94186047 | H12: =(Sheet2!H11 - Sheet1!$G12) / Sheet1!$G12 -> 1.1162791 | ... W12: =(Sheet2!W11 - Sheet1!$G12) / Sheet1!$G12 -> 0.12790698
A13: =(Sheet2!A12 - Sheet1!$G13) / Sheet1!$G13 -> 0.0073529412 | B13: =(Sheet2!B12 - Sheet1!$G13) / Sheet1!$G13 -> 0 | C13: =(Sheet2!C12 - Sheet1!$G13) / Sheet1!$G13 -> -0.0073529412 | D13: =(Sheet2!D12 - Sheet1!$G13) / Sheet1!$G13 -> -0.036764706 | E13: =(Sheet2!E12 - Sheet1!$G13) / Sheet1!$G13 -> -0.066176471 | F13: =(Sheet2!F12 - Sheet1!$G13) / Sheet1!$G13 -> -0.13235294 | G13: =(Sheet2!G12 - Sheet1!$G13) / Sheet1!$G13 -> -0.17647059 | H13: =(Sheet2!H12 - Sheet1!$G13) / Sheet1!$G13 -> -0.13235294 | ... W13: =(Sheet2!W12 - Sheet1!$G13) / Sheet1!$G13 -> -0.125
... A453: =(Sheet2!A452 - Sheet1!$G453) / Sheet1!$G453 -> 0.022988506 | B453: =(Sheet2!B452 - Sheet1!$G453) / Sheet1!$G453 -> -0.022988506 | C453: =(Sheet2!C452 - Sheet1!$G453) / Sheet1!$G453 -> -0.022988506 | D453: =(Sheet2!D452 - Sheet1!$G453) / Sheet1!$G453 -> 0.068965517 | E453: =(Sheet2!E452 - Sheet1!$G453) / Sheet1!$G453 -> 0.18390805 | F453: =(Sheet2!F452 - Sheet1!$G453) / Sheet1!$G453 -> 0.14942529 | G453: =(Sheet2!G452 - Sheet1!$G453) / Sheet1!$G453 -> -0.011494253 | H453: =(Sheet2!H452 - Sheet1!$G453) / Sheet1!$G453 -> -0.16091954 | ... W453: =(Sheet2!W452 - Sheet1!$G453) / Sheet1!$G453 -> -0.4137931

Sheet 归一化
A1: 1 | B1: 2 | C1: 3 | D1: 4 | E1: 5 | F1: 6 | G1: 7 | H1: 8 | I1: 9 | J1: 10 | K1: 11 | L1: 12 | M1: 13 | N1: 14 | O1: 15 | P1: 16 | Q1: 17 | R1: 18 | S1: 19 | T1: 20 | U1: 21 | V1: 22 | W1: 23
A2: =IF(MAX(Sheet2!$A1:$W1)=MIN(Sheet2!$A1:$W1),0,(Sheet2!A1 - MIN(Sheet2!$A1:$W1)) / (MAX(Sheet2!$A1:$W1) - MIN(Sheet2!$A1:$W1))) -> 0 | B2: =IF(MAX(Sheet2!$A1:$W1)=MIN(Sheet2!$A1:$W1),0,(Sheet2!B1 - MIN(Sheet2!$A1:$W1)) / (MAX(Sheet2!$A1:$W1) - MIN(Sheet2!$A1:$W1))) -> 0.08 | C2: =IF(MAX(Sheet2!$A1:$W1)=MIN(Sheet2!$A1:$W1),0,(Sheet2!C1 - MIN(Sheet2!$A1:$W1)) / (MAX(Sheet2!$A1:$W1) - MIN(Sheet2!$A1:$W1))) -> 0.16 | D2: =IF(MAX(Sheet2!$A1:$W1)=MIN(Sheet2!$A1:$W1),0,(Sheet2!D1 - MIN(Sheet2!$A1:$W1)) / (MAX(Sheet2!$A1:$W1) - MIN(Sheet2!$A1:$W1))) -> 0.12 | E2: =IF(MAX(Sheet2!$A1:$W1)=MIN(Sheet2!$A1:$W1),0,(Sheet2!E1 - MIN(Sheet2!$A1:$W1)) / (MAX(Sheet2!$A1:$W1) - MIN(Sheet2!$A1:$W1))) -> 0.12 | F2: =IF(MAX(Sheet2!$A1:$W1)=MIN(Sheet2!$A1:$W1),0,(Sheet2!F1 - MIN(Sheet2!$A1:$W1)) / (MAX(Sheet2!$A1:$W1) - MIN(Sheet2!$A1:$W1))) -> 0.12 | G2: =IF(MAX(Sheet2!$A1:$W1)=MIN(Sheet2!$A1:$W1),0,(Sheet2!G1 - MIN(Sheet2!$A1:$W1)) / (MAX(Sheet2!$A1:$W1) - MIN(Sheet2!$A1:$W1))) -> 0.12 | H2: =IF(MAX(Sheet2!$A1:$W1)=MIN(Sheet2!$A1:$W1),0,(Sheet2!H1 - MIN(Sheet2!$A1:$W1)) / (MAX(Sheet2!$A1:$W1) - MIN(Sheet2!$A1:$W1))) -> 0.16 | ... W2: =IF(MAX(Sheet2!$A1:$W1)=MIN(Sheet2!$A1:$W1),0,(Sheet2!W1 - MIN(Sheet2!$A1:$W1)) / (MAX(Sheet2!$A1:$W1) - MIN(Sheet2!$A1:$W1))) -> 0.28
A3: =IF(MAX(Sheet2!$A2:$W2)=MIN(Sheet2!$A2:$W2),0,(Sheet2!A2 - MIN(Sheet2!$A2:$W2)) / (MAX(Sheet2!$A2:$W2) - MIN(Sheet2!$A2:$W2))) -> 0.875 | B3: =IF(MAX(Sheet2!$A2:$W2)=MIN(Sheet2!$A2:$W2),0,(Sheet2!B2 - MIN(Sheet2!$A2:$W2)) / (MAX(Sheet2!$A2:$W2) - MIN(Sheet2!$A2:$W2))) -> 0.79166667 | C3: =IF(MAX(Sheet2!$A2:$W2)=MIN(Sheet2!$A2:$W2),0,(Sheet2!C2 - MIN(Sheet2!$A2:$W2)) / (MAX(Sheet2!$A2:$W2) - MIN(Sheet2!$A2:$W2))) -> 0.875 | D3: =IF(MAX(Sheet2!$A2:$W2)=MIN(Sheet2!$A2:$W2),0,(Sheet2!D2 - MIN(Sheet2!$A2:$W2)) / (MAX(Sheet2!$A2:$W2) - MIN(Sheet2!$A2:$W2))) -> 1 | E3: =IF(MAX(Sheet2!$A2:$W2)=MIN(Sheet2!$A2:$W2),0,(Sheet2!E2 - MIN(Sheet2!$A2:$W2)) / (MAX(Sheet2!$A2:$W2) - MIN(Sheet2!$A2:$W2))) -> 1 | F3: =IF(MAX(Sheet2!$A2:$W2)=MIN(Sheet2!$A2:$W2),0,(Sheet2!F2 - MIN(Sheet2!$A2:$W2)) / (MAX(Sheet2!$A2:$W2) - MIN(Sheet2!$A2:$W2))) -> 1 | G3: =IF(MAX(Sheet2!$A2:$W2)=MIN(Sheet2!$A2:$W2),0,(Sheet2!G2 - MIN(Sheet2!$A2:$W2)) / (MAX(Sheet2!$A2:$W2) - MIN(Sheet2!$A2:$W2))) -> 1 | H3: =IF(MAX(Sheet2!$A2:$W2)=MIN(Sheet2!$A2:$W2),0,(Sheet2!H2 - MIN(Sheet2!$A2:$W2)) / (MAX(Sheet2!$A2:$W2) - MIN(Sheet2!$A2:$W2))) -> 0.91666667 | ... W3: =IF(MAX(Sheet2!$A2:$W2)=MIN(Sheet2!$A2:$W2),0,(Sheet2!W2 - MIN(Sheet2!$A2:$W2)) / (MAX(Sheet2!$A2:$W2) - MIN(Sheet2!$A2:$W2))) -> 0
A4: =IF(MAX(Sheet2!$A3:$W3)=MIN(Sheet2!$A3:$W3),0,(Sheet2!A3 - MIN(Sheet2!$A3:$W3)) / (MAX(Sheet2!$A3:$W3) - MIN(Sheet2!$A3:$W3))) -> 0.15873016 | B4: =IF(MAX(Sheet2!$A3:$W3)=MIN(Sheet2!$A3:$W3),0,(Sheet2!B3 - MIN(Sheet2!$A3:$W3)) / (MAX(Sheet2!$A3:$W3) - MIN(Sheet2!$A3:$W3))) -> 0.19047619 | C4: =IF(MAX(Sheet2!$A3:$W3)=MIN(Sheet2!$A3:$W3),0,(Sheet2!C3 - MIN(Sheet2!$A3:$W3)) / (MAX(Sheet2!$A3:$W3) - MIN(Sheet2!$A3:$W3))) -> 0.15873016 | D4: =IF(MAX(Sheet2!$A3:$W3)=MIN(Sheet2!$A3:$W3),0,(Sheet2!D3 - MIN(Sheet2!$A3:$W3)) / (MAX(Sheet2!$A3:$W3) - MIN(Sheet2!$A3:$W3))) -> 0.095238095 | E4: =IF(MAX(Sheet2!$A3:$W3)=MIN(Sheet2!$A3:$W3),0,(Sheet2!E3 - MIN(Sheet2!$A3:$W3)) / (MAX(Sheet2!$A3:$W3) - MIN(Sheet2!$A3:$W3))) -> 0.047619048 | F4: =IF(MAX(Sheet2!$A3:$W3)=MIN(Sheet2!$A3:$W3),0,(Sheet2!F3 - MIN(Sheet2!$A3:$W3)) / (MAX(Sheet2!$A3:$W3) - MIN(Sheet2!$A3:$W3))) -> 0 | G4: =IF(MAX(Sheet2!$A3:$W3)=MIN(Sheet2!$A3:$W3),0,(Sheet2!G3 - MIN(Sheet2!$A3:$W3)) / (MAX(Sheet2!$A3:$W3) - MIN(Sheet2!$A3:$W3))) -> 0.047619048 | H4: =IF(MAX(Sheet2!$A3:$W3)=MIN(Sheet2!$A3:$W3),0,(Sheet2!H3 - MIN(Sheet2!$A3:$W3)) / (MAX(Sheet2!$A3:$W3) - MIN(Sheet2!$A3:$W3))) -> 0.3015873 | ... W4: =IF(MAX(Sheet2!$A3:$W3)=MIN(Sheet2!$A3:$W3),0,(Sheet2!W3 - MIN(Sheet2!$A3:$W3)) / (MAX(Sheet2!$A3:$W3) - MIN(Sheet2!$A3:$W3))) -> 0.15873016
A5: =IF(MAX(Sheet2!$A4:$W4)=MIN(Sheet2!$A4:$W4),0,(Sheet2!A4 - MIN(Sheet2!$A4:$W4)) / (MAX(Sheet2!$A4:$W4) - MIN(Sheet2!$A4:$W4))) -> 0.60465116 | B5: =IF(MAX(Sheet2!$A4:$W4)=MIN(Sheet2!$A4:$W4),0,(Sheet2!B4 - MIN(Sheet2!$A4:$W4)) / (MAX(Sheet2!$A4:$W4) - MIN(Sheet2!$A4:$W4))) -> 0.65116279 | C5: =IF(MAX(Sheet2!$A4:$W4)=MIN(Sheet2!$A4:$W4),0,(Sheet2!C4 - MIN(Sheet2!$A4:$W4)) / (MAX(Sheet2!$A4:$W4) - MIN(Sheet2!$A4:$W4))) -> 0.69767442 | D5: =IF(MAX(Sheet2!$A4:$W4)=MIN(Sheet2!$A4:$W4),0,(Sheet2!D4 - MIN(Sheet2!$A4:$W4)) / (MAX(Sheet2!$A4:$W4) - MIN(Sheet2!$A4:$W4))) -> 0.74418605 | E5: =IF(MAX(Sheet2!$A4:$W4)=MIN(Sheet2!$A4:$W4),0,(Sheet2!E4 - MIN(Sheet2!$A4:$W4)) / (MAX(Sheet2!$A4:$W4) - MIN(Sheet2!$A4:$W4))) -> 0.72093023 | F5: =IF(MAX(Sheet2!$A4:$W4)=MIN(Sheet2!$A4:$W4),0,(Sheet2!F4 - MIN(Sheet2!$A4:$W4)) / (MAX(Sheet2!$A4:$W4) - MIN(Sheet2!$A4:$W4))) -> 0.65116279 | G5: =IF(MAX(Sheet2!$A4:$W4)=MIN(Sheet2!$A4:$W4),0,(Sheet2!G4 - MIN(Sheet2!$A4:$W4)) / (MAX(Sheet2!$A4:$W4) - MIN(Sheet2!$A4:$W4))) -> 0.51162791 | H5: =IF(MAX(Sheet2!$A4:$W4)=MIN(Sheet2!$A4:$W4),0,(Sheet2!H4 - MIN(Sheet2!$A4:$W4)) / (MAX(Sheet2!$A4:$W4) - MIN(Sheet2!$A4:$W4))) -> 0.37209302 | ... W5: =IF(MAX(Sheet2!$A4:$W4)=MIN(Sheet2!$A4:$W4),0,(Sheet2!W4 - MIN(Sheet2!$A4:$W4)) / (MAX(Sheet2!$A4:$W4) - MIN(Sheet2!$A4:$W4))) -> 0.093023256
A6: =IF(MAX(Sheet2!$A5:$W5)=MIN(Sheet2!$A5:$W5),0,(Sheet2!A5 - MIN(Sheet2!$A5:$W5)) / (MAX(Sheet2!$A5:$W5) - MIN(Sheet2!$A5:$W5))) -> 0 | B6: =IF(MAX(Sheet2!$A5:$W5)=MIN(Sheet2!$A5:$W5),0,(Sheet2!B5 - MIN(Sheet2!$A5:$W5)) / (MAX(Sheet2!$A5:$W5) - MIN(Sheet2!$A5:$W5))) -> 0.22580645 | C6: =IF(MAX(Sheet2!$A5:$W5)=MIN(Sheet2!$A5:$W5),0,(Sheet2!C5 - MIN(Sheet2!$A5:$W5)) / (MAX(Sheet2!$A5:$W5) - MIN(Sheet2!$A5:$W5))) -> 0.4516129 | D6: =IF(MAX(Sheet2!$A5:$W5)=MIN(Sheet2!$A5:$W5),0,(Sheet2!D5 - MIN(Sheet2!$A5:$W5)) / (MAX(Sheet2!$A5:$W5) - MIN(Sheet2!$A5:$W5))) -> 0.5483871 | E6: =IF(MAX(Sheet2!$A5:$W5)=MIN(Sheet2!$A5:$W5),0,(Sheet2!E5 - MIN(Sheet2!$A5:$W5)) / (MAX(Sheet2!$A5:$W5) - MIN(Sheet2!$A5:$W5))) -> 0.61290323 | F6: =IF(MAX(Sheet2!$A5:$W5)=MIN(Sheet2!$A5:$W5),0,(Sheet2!F5 - MIN(Sheet2!$A5:$W5)) / (MAX(Sheet2!$A5:$W5) - MIN(Sheet2!$A5:$W5))) -> 0.5483871 | G6: =IF(MAX(Sheet2!$A5:$W5)=MIN(Sheet2!$A5:$W5),0,(Sheet2!G5 - MIN(Sheet2!$A5:$W5)) / (MAX(Sheet2!$A5:$W5) - MIN(Sheet2!$A5:$W5))) -> 0.51612903 | H6: =IF(MAX(Sheet2!$A5:$W5)=MIN(Sheet2!$A5:$W5),0,(Sheet2!H5 - MIN(Sheet2!$A5:$W5)) / (MAX(Sheet2!$A5:$W5) - MIN(Sheet2!$A5:$W5))) -> 0.61290323 | ... W6: =IF(MAX(Sheet2!$A5:$W5)=MIN(Sheet2!$A5:$W5),0,(Sheet2!W5 - MIN(Sheet2!$A5:$W5)) / (MAX(Sheet2!$A5:$W5) - MIN(Sheet2!$A5:$W5))) -> 1
